document_id,page,table_index,row_index,column_index,content
4c8dcd2c-4c56-4a4d-aa18-5e4b18984028,,1,,,
4c8dcd2c-4c56-4a4d-aa18-5e4b18984028,,1,,,PD no. Nº de SV
4c8dcd2c-4c56-4a4d-aa18-5e4b18984028,,1,,,Seq. no. Nº de séq.
4c8dcd2c-4c56-4a4d-aa18-5e4b18984028,,1,,,
4c8dcd2c-4c56-4a4d-aa18-5e4b18984028,,1,,,PD no. Nº de SV
4c8dcd2c-4c56-4a4d-aa18-5e4b18984028,,1,,,Seq. no. Nº de séq.
4c8dcd2c-4c56-4a4d-aa18-5e4b18984028,,1,,,
4c8dcd2c-4c56-4a4d-aa18-5e4b18984028,,1,,,PD no. Nº de SV
4c8dcd2c-4c56-4a4d-aa18-5e4b18984028,,1,,,Seq. no. Nº de séq.
4c8dcd2c-4c56-4a4d-aa18-5e4b18984028,,1,,,
4c8dcd2c-4c56-4a4d-aa18-5e4b18984028,,1,,,PD no. Nº de SV
4c8dcd2c-4c56-4a4d-aa18-5e4b18984028,,1,,,Seq. no. Nº de séq.
4c8dcd2c-4c56-4a4d-aa18-5e4b18984028,,1,,,ex:
4c8dcd2c-4c56-4a4d-aa18-5e4b18984028,,1,,,105-A
4c8dcd2c-4c56-4a4d-aa18-5e4b18984028,,1,,,87
4c8dcd2c-4c56-4a4d-aa18-5e4b18984028,,1,,,22
4c8dcd2c-4c56-4a4d-aa18-5e4b18984028,,1,,,173
4c8dcd2c-4c56-4a4d-aa18-5e4b18984028,,1,,,82
4c8dcd2c-4c56-4a4d-aa18-5e4b18984028,,1,,,44
4c8dcd2c-4c56-4a4d-aa18-5e4b18984028,,1,,,132
4c8dcd2c-4c56-4a4d-aa18-5e4b18984028,,1,,,220
4c8dcd2c-4c56-4a4d-aa18-5e4b18984028,,1,,,66
4c8dcd2c-4c56-4a4d-aa18-5e4b18984028,,1,,,133
4c8dcd2c-4c56-4a4d-aa18-5e4b18984028,,1,,,216
4c8dcd2c-4c56-4a4d-aa18-5e4b18984028,,1,,,1
4c8dcd2c-4c56-4a4d-aa18-5e4b18984028,,1,,,137
4c8dcd2c-4c56-4a4d-aa18-5e4b18984028,,1,,,190
4c8dcd2c-4c56-4a4d-aa18-5e4b18984028,,1,,,23
4c8dcd2c-4c56-4a4d-aa18-5e4b18984028,,1,,,140
4c8dcd2c-4c56-4a4d-aa18-5e4b18984028,,1,,,330
4c8dcd2c-4c56-4a4d-aa18-5e4b18984028,,1,,,45
4c8dcd2c-4c56-4a4d-aa18-5e4b18984028,,1,,,133
4c8dcd2c-4c56-4a4d-aa18-5e4b18984028,,1,,,355
4c8dcd2c-4c56-4a4d-aa18-5e4b18984028,,1,,,67
4c8dcd2c-4c56-4a4d-aa18-5e4b18984028,,1,,,139
4c8dcd2c-4c56-4a4d-aa18-5e4b18984028,,1,,,252
4c8dcd2c-4c56-4a4d-aa18-5e4b18984028,,1,,,2
4c8dcd2c-4c56-4a4d-aa18-5e4b18984028,,1,,,139
4c8dcd2c-4c56-4a4d-aa18-5e4b18984028,,1,,,39
4c8dcd2c-4c56-4a4d-aa18-5e4b18984028,,1,,,24
4c8dcd2c-4c56-4a4d-aa18-5e4b18984028,,1,,,136
4c8dcd2c-4c56-4a4d-aa18-5e4b18984028,,1,,,120
4c8dcd2c-4c56-4a4d-aa18-5e4b18984028,,1,,,46
4c8dcd2c-4c56-4a4d-aa18-5e4b18984028,,1,,,148
4c8dcd2c-4c56-4a4d-aa18-5e4b18984028,,1,,,193
4c8dcd2c-4c56-4a4d-aa18-5e4b18984028,,1,,,68
4c8dcd2c-4c56-4a4d-aa18-5e4b18984028,,1,,,139
4c8dcd2c-4c56-4a4d-aa18-5e4b18984028,,1,,,253
4c8dcd2c-4c56-4a4d-aa18-5e4b18984028,,1,,,3
4c8dcd2c-4c56-4a4d-aa18-5e4b18984028,,1,,,39
4c8dcd2c-4c56-4a4d-aa18-5e4b18984028,,1,,,38
4c8dcd2c-4c56-4a4d-aa18-5e4b18984028,,1,,,25
4c8dcd2c-4c56-4a4d-aa18-5e4b18984028,,1,,,136
4c8dcd2c-4c56-4a4d-aa18-5e4b18984028,,1,,,121
4c8dcd2c-4c56-4a4d-aa18-5e4b18984028,,1,,,47
4c8dcd2c-4c56-4a4d-aa18-5e4b18984028,,1,,,77
4c8dcd2c-4c56-4a4d-aa18-5e4b18984028,,1,,,314
4c8dcd2c-4c56-4a4d-aa18-5e4b18984028,,1,,,69
4c8dcd2c-4c56-4a4d-aa18-5e4b18984028,,1,,,177
4c8dcd2c-4c56-4a4d-aa18-5e4b18984028,,1,,,270
4c8dcd2c-4c56-4a4d-aa18-5e4b18984028,,1,,,4
4c8dcd2c-4c56-4a4d-aa18-5e4b18984028,,1,,,133
4c8dcd2c-4c56-4a4d-aa18-5e4b18984028,,1,,,47
4c8dcd2c-4c56-4a4d-aa18-5e4b18984028,,1,,,2.6
4c8dcd2c-4c56-4a4d-aa18-5e4b18984028,,1,,,150
4c8dcd2c-4c56-4a4d-aa18-5e4b18984028,,1,,,163
4c8dcd2c-4c56-4a4d-aa18-5e4b18984028,,1,,,48
4c8dcd2c-4c56-4a4d-aa18-5e4b18984028,,1,,,140
4c8dcd2c-4c56-4a4d-aa18-5e4b18984028,,1,,,358
4c8dcd2c-4c56-4a4d-aa18-5e4b18984028,,1,,,70
4c8dcd2c-4c56-4a4d-aa18-5e4b18984028,,1,,,177
4c8dcd2c-4c56-4a4d-aa18-5e4b18984028,,1,,,269
4c8dcd2c-4c56-4a4d-aa18-5e4b18984028,,1,,,5
4c8dcd2c-4c56-4a4d-aa18-5e4b18984028,,1,,,133
4c8dcd2c-4c56-4a4d-aa18-5e4b18984028,,1,,,46
4c8dcd2c-4c56-4a4d-aa18-5e4b18984028,,1,,,27
4c8dcd2c-4c56-4a4d-aa18-5e4b18984028,,1,,,140
4c8dcd2c-4c56-4a4d-aa18-5e4b18984028,,1,,,289.
4c8dcd2c-4c56-4a4d-aa18-5e4b18984028,,1,,,49
4c8dcd2c-4c56-4a4d-aa18-5e4b18984028,,1,,,136
4c8dcd2c-4c56-4a4d-aa18-5e4b18984028,,1,,,160
4c8dcd2c-4c56-4a4d-aa18-5e4b18984028,,1,,,71
4c8dcd2c-4c56-4a4d-aa18-5e4b18984028,,1,,,148
4c8dcd2c-4c56-4a4d-aa18-5e4b18984028,,1,,,108
4c8dcd2c-4c56-4a4d-aa18-5e4b18984028,,1,,,6
4c8dcd2c-4c56-4a4d-aa18-5e4b18984028,,1,,,150
4c8dcd2c-4c56-4a4d-aa18-5e4b18984028,,1,,,222
4c8dcd2c-4c56-4a4d-aa18-5e4b18984028,,1,,,$ 28
4c8dcd2c-4c56-4a4d-aa18-5e4b18984028,,1,,,137
4c8dcd2c-4c56-4a4d-aa18-5e4b18984028,,1,,,270
4c8dcd2c-4c56-4a4d-aa18-5e4b18984028,,1,,,50
4c8dcd2c-4c56-4a4d-aa18-5e4b18984028,,1,,,136
4c8dcd2c-4c56-4a4d-aa18-5e4b18984028,,1,,,162
4c8dcd2c-4c56-4a4d-aa18-5e4b18984028,,1,,,72
4c8dcd2c-4c56-4a4d-aa18-5e4b18984028,,1,,,138
4c8dcd2c-4c56-4a4d-aa18-5e4b18984028,,1,,,276
4c8dcd2c-4c56-4a4d-aa18-5e4b18984028,,1,,,7
4c8dcd2c-4c56-4a4d-aa18-5e4b18984028,,1,,,139
4c8dcd2c-4c56-4a4d-aa18-5e4b18984028,,1,,,220
4c8dcd2c-4c56-4a4d-aa18-5e4b18984028,,1,,,29
4c8dcd2c-4c56-4a4d-aa18-5e4b18984028,,1,,,140
4c8dcd2c-4c56-4a4d-aa18-5e4b18984028,,1,,,322
4c8dcd2c-4c56-4a4d-aa18-5e4b18984028,,1,,,51
4c8dcd2c-4c56-4a4d-aa18-5e4b18984028,,1,,,177
4c8dcd2c-4c56-4a4d-aa18-5e4b18984028,,1,,,151
4c8dcd2c-4c56-4a4d-aa18-5e4b18984028,,1,,,73
4c8dcd2c-4c56-4a4d-aa18-5e4b18984028,,1,,,134
4c8dcd2c-4c56-4a4d-aa18-5e4b18984028,,1,,,253
4c8dcd2c-4c56-4a4d-aa18-5e4b18984028,,1,,,8
4c8dcd2c-4c56-4a4d-aa18-5e4b18984028,,1,,,150
4c8dcd2c-4c56-4a4d-aa18-5e4b18984028,,1,,,329
4c8dcd2c-4c56-4a4d-aa18-5e4b18984028,,1,,,30
4c8dcd2c-4c56-4a4d-aa18-5e4b18984028,,1,,,135
4c8dcd2c-4c56-4a4d-aa18-5e4b18984028,,1,,,155
4c8dcd2c-4c56-4a4d-aa18-5e4b18984028,,1,,,52
4c8dcd2c-4c56-4a4d-aa18-5e4b18984028,,1,,,177
4c8dcd2c-4c56-4a4d-aa18-5e4b18984028,,1,,,152
4c8dcd2c-4c56-4a4d-aa18-5e4b18984028,,1,,,74
4c8dcd2c-4c56-4a4d-aa18-5e4b18984028,,1,,,134
4c8dcd2c-4c56-4a4d-aa18-5e4b18984028,,1,,,254
4c8dcd2c-4c56-4a4d-aa18-5e4b18984028,,1,,,9
4c8dcd2c-4c56-4a4d-aa18-5e4b18984028,,1,,,50
4c8dcd2c-4c56-4a4d-aa18-5e4b18984028,,1,,,328
4c8dcd2c-4c56-4a4d-aa18-5e4b18984028,,1,,,31
4c8dcd2c-4c56-4a4d-aa18-5e4b18984028,,1,,,137
4c8dcd2c-4c56-4a4d-aa18-5e4b18984028,,1,,,282
4c8dcd2c-4c56-4a4d-aa18-5e4b18984028,,1,,,53
4c8dcd2c-4c56-4a4d-aa18-5e4b18984028,,1,,,137
4c8dcd2c-4c56-4a4d-aa18-5e4b18984028,,1,,,222
4c8dcd2c-4c56-4a4d-aa18-5e4b18984028,,1,,,75
4c8dcd2c-4c56-4a4d-aa18-5e4b18984028,,1,,,132
4c8dcd2c-4c56-4a4d-aa18-5e4b18984028,,1,,,347
4c8dcd2c-4c56-4a4d-aa18-5e4b18984028,,1,,,10
4c8dcd2c-4c56-4a4d-aa18-5e4b18984028,,1,,,137
4c8dcd2c-4c56-4a4d-aa18-5e4b18984028,,1,,,191
4c8dcd2c-4c56-4a4d-aa18-5e4b18984028,,1,,,32
4c8dcd2c-4c56-4a4d-aa18-5e4b18984028,,1,,,137
4c8dcd2c-4c56-4a4d-aa18-5e4b18984028,,1,,,283
4c8dcd2c-4c56-4a4d-aa18-5e4b18984028,,1,,,54
4c8dcd2c-4c56-4a4d-aa18-5e4b18984028,,1,,,136
4c8dcd2c-4c56-4a4d-aa18-5e4b18984028,,1,,,181
4c8dcd2c-4c56-4a4d-aa18-5e4b18984028,,1,,,76
4c8dcd2c-4c56-4a4d-aa18-5e4b18984028,,1,,,148
4c8dcd2c-4c56-4a4d-aa18-5e4b18984028,,1,,,486
4c8dcd2c-4c56-4a4d-aa18-5e4b18984028,,1,,,11
4c8dcd2c-4c56-4a4d-aa18-5e4b18984028,,1,,,173
4c8dcd2c-4c56-4a4d-aa18-5e4b18984028,,1,,,107
4c8dcd2c-4c56-4a4d-aa18-5e4b18984028,,1,,,33
4c8dcd2c-4c56-4a4d-aa18-5e4b18984028,,1,,,140
4c8dcd2c-4c56-4a4d-aa18-5e4b18984028,,1,,,42
4c8dcd2c-4c56-4a4d-aa18-5e4b18984028,,1,,,55
4c8dcd2c-4c56-4a4d-aa18-5e4b18984028,,1,,,134
4c8dcd2c-4c56-4a4d-aa18-5e4b18984028,,1,,,291
4c8dcd2c-4c56-4a4d-aa18-5e4b18984028,,1,,,·77
4c8dcd2c-4c56-4a4d-aa18-5e4b18984028,,1,,,148
4c8dcd2c-4c56-4a4d-aa18-5e4b18984028,,1,,,408
4c8dcd2c-4c56-4a4d-aa18-5e4b18984028,,1,,,12
4c8dcd2c-4c56-4a4d-aa18-5e4b18984028,,1,,,134
4c8dcd2c-4c56-4a4d-aa18-5e4b18984028,,1,,,285
4c8dcd2c-4c56-4a4d-aa18-5e4b18984028,,1,,,34
4c8dcd2c-4c56-4a4d-aa18-5e4b18984028,,1,,,132
4c8dcd2c-4c56-4a4d-aa18-5e4b18984028,,1,,,138
4c8dcd2c-4c56-4a4d-aa18-5e4b18984028,,1,,,56
4c8dcd2c-4c56-4a4d-aa18-5e4b18984028,,1,,,36
4c8dcd2c-4c56-4a4d-aa18-5e4b18984028,,1,,,305
4c8dcd2c-4c56-4a4d-aa18-5e4b18984028,,1,,,78
4c8dcd2c-4c56-4a4d-aa18-5e4b18984028,,1,,,134
4c8dcd2c-4c56-4a4d-aa18-5e4b18984028,,1,,,323
4c8dcd2c-4c56-4a4d-aa18-5e4b18984028,,1,,,13
4c8dcd2c-4c56-4a4d-aa18-5e4b18984028,,1,,,34
4c8dcd2c-4c56-4a4d-aa18-5e4b18984028,,1,,,286
4c8dcd2c-4c56-4a4d-aa18-5e4b18984028,,1,,,35
4c8dcd2c-4c56-4a4d-aa18-5e4b18984028,,1,,,132
4c8dcd2c-4c56-4a4d-aa18-5e4b18984028,,1,,,136.
4c8dcd2c-4c56-4a4d-aa18-5e4b18984028,,1,,,57
4c8dcd2c-4c56-4a4d-aa18-5e4b18984028,,1,,,136
4c8dcd2c-4c56-4a4d-aa18-5e4b18984028,,1,,,306
4c8dcd2c-4c56-4a4d-aa18-5e4b18984028,,1,,,79
4c8dcd2c-4c56-4a4d-aa18-5e4b18984028,,1,,,148
4c8dcd2c-4c56-4a4d-aa18-5e4b18984028,,1,,,407
4c8dcd2c-4c56-4a4d-aa18-5e4b18984028,,1,,,14
4c8dcd2c-4c56-4a4d-aa18-5e4b18984028,,1,,,137
4c8dcd2c-4c56-4a4d-aa18-5e4b18984028,,1,,,155
4c8dcd2c-4c56-4a4d-aa18-5e4b18984028,,1,,,36
4c8dcd2c-4c56-4a4d-aa18-5e4b18984028,,1,,,148
4c8dcd2c-4c56-4a4d-aa18-5e4b18984028,,1,,,53
4c8dcd2c-4c56-4a4d-aa18-5e4b18984028,,1,,,58
4c8dcd2c-4c56-4a4d-aa18-5e4b18984028,,1,,,148
4c8dcd2c-4c56-4a4d-aa18-5e4b18984028,,1,,,164
4c8dcd2c-4c56-4a4d-aa18-5e4b18984028,,1,,,80
4c8dcd2c-4c56-4a4d-aa18-5e4b18984028,,1,,,136
4c8dcd2c-4c56-4a4d-aa18-5e4b18984028,,1,,,372
4c8dcd2c-4c56-4a4d-aa18-5e4b18984028,,1,,,15
4c8dcd2c-4c56-4a4d-aa18-5e4b18984028,,1,,,36
4c8dcd2c-4c56-4a4d-aa18-5e4b18984028,,1,,,277
4c8dcd2c-4c56-4a4d-aa18-5e4b18984028,,1,,,37
4c8dcd2c-4c56-4a4d-aa18-5e4b18984028,,1,,,BY
4c8dcd2c-4c56-4a4d-aa18-5e4b18984028,,1,,,201
4c8dcd2c-4c56-4a4d-aa18-5e4b18984028,,1,,,59
4c8dcd2c-4c56-4a4d-aa18-5e4b18984028,,1,,,132
4c8dcd2c-4c56-4a4d-aa18-5e4b18984028,,1,,,1.65
4c8dcd2c-4c56-4a4d-aa18-5e4b18984028,,1,,,81
4c8dcd2c-4c56-4a4d-aa18-5e4b18984028,,1,,,132
4c8dcd2c-4c56-4a4d-aa18-5e4b18984028,,1,,,262
4c8dcd2c-4c56-4a4d-aa18-5e4b18984028,,1,,,16
4c8dcd2c-4c56-4a4d-aa18-5e4b18984028,,1,,,132
4c8dcd2c-4c56-4a4d-aa18-5e4b18984028,,1,,,343
4c8dcd2c-4c56-4a4d-aa18-5e4b18984028,,1,,,38
4c8dcd2c-4c56-4a4d-aa18-5e4b18984028,,1,,,150
4c8dcd2c-4c56-4a4d-aa18-5e4b18984028,,1,,,399
4c8dcd2c-4c56-4a4d-aa18-5e4b18984028,,1,,,60
4c8dcd2c-4c56-4a4d-aa18-5e4b18984028,,1,,,132
4c8dcd2c-4c56-4a4d-aa18-5e4b18984028,,1,,,163
4c8dcd2c-4c56-4a4d-aa18-5e4b18984028,,1,,,82
4c8dcd2c-4c56-4a4d-aa18-5e4b18984028,,1,,,132
4c8dcd2c-4c56-4a4d-aa18-5e4b18984028,,1,,,270
4c8dcd2c-4c56-4a4d-aa18-5e4b18984028,,1,,,17
4c8dcd2c-4c56-4a4d-aa18-5e4b18984028,,1,,,132
4c8dcd2c-4c56-4a4d-aa18-5e4b18984028,,1,,,344
4c8dcd2c-4c56-4a4d-aa18-5e4b18984028,,1,,,39
4c8dcd2c-4c56-4a4d-aa18-5e4b18984028,,1,,,150
4c8dcd2c-4c56-4a4d-aa18-5e4b18984028,,1,,,400
4c8dcd2c-4c56-4a4d-aa18-5e4b18984028,,1,,,61
4c8dcd2c-4c56-4a4d-aa18-5e4b18984028,,1,,,173
4c8dcd2c-4c56-4a4d-aa18-5e4b18984028,,1,,,385
4c8dcd2c-4c56-4a4d-aa18-5e4b18984028,,1,,,83
4c8dcd2c-4c56-4a4d-aa18-5e4b18984028,,1,,,135
4c8dcd2c-4c56-4a4d-aa18-5e4b18984028,,1,,,152
4c8dcd2c-4c56-4a4d-aa18-5e4b18984028,,1,,,18
4c8dcd2c-4c56-4a4d-aa18-5e4b18984028,,1,,,140
4c8dcd2c-4c56-4a4d-aa18-5e4b18984028,,1,,,249
4c8dcd2c-4c56-4a4d-aa18-5e4b18984028,,1,,,40
4c8dcd2c-4c56-4a4d-aa18-5e4b18984028,,1,,,150
4c8dcd2c-4c56-4a4d-aa18-5e4b18984028,,1,,,101
4c8dcd2c-4c56-4a4d-aa18-5e4b18984028,,1,,,62
4c8dcd2c-4c56-4a4d-aa18-5e4b18984028,,1,,,123
4c8dcd2c-4c56-4a4d-aa18-5e4b18984028,,1,,,24
4c8dcd2c-4c56-4a4d-aa18-5e4b18984028,,1,,,84
4c8dcd2c-4c56-4a4d-aa18-5e4b18984028,,1,,,135
4c8dcd2c-4c56-4a4d-aa18-5e4b18984028,,1,,,151
4c8dcd2c-4c56-4a4d-aa18-5e4b18984028,,1,,,19
4c8dcd2c-4c56-4a4d-aa18-5e4b18984028,,1,,,137
4c8dcd2c-4c56-4a4d-aa18-5e4b18984028,,1,,,27
4c8dcd2c-4c56-4a4d-aa18-5e4b18984028,,1,,,41
4c8dcd2c-4c56-4a4d-aa18-5e4b18984028,,1,,,136
4c8dcd2c-4c56-4a4d-aa18-5e4b18984028,,1,,,373
4c8dcd2c-4c56-4a4d-aa18-5e4b18984028,,1,,,63
4c8dcd2c-4c56-4a4d-aa18-5e4b18984028,,1,,,173
4c8dcd2c-4c56-4a4d-aa18-5e4b18984028,,1,,,289
4c8dcd2c-4c56-4a4d-aa18-5e4b18984028,,1,,,85
4c8dcd2c-4c56-4a4d-aa18-5e4b18984028,,1,,,176
4c8dcd2c-4c56-4a4d-aa18-5e4b18984028,,1,,,29/
4c8dcd2c-4c56-4a4d-aa18-5e4b18984028,,1,,,20
4c8dcd2c-4c56-4a4d-aa18-5e4b18984028,,1,,,177
4c8dcd2c-4c56-4a4d-aa18-5e4b18984028,,1,,,20
4c8dcd2c-4c56-4a4d-aa18-5e4b18984028,,1,,,42
4c8dcd2c-4c56-4a4d-aa18-5e4b18984028,,1,,,134
4c8dcd2c-4c56-4a4d-aa18-5e4b18984028,,1,,,274
4c8dcd2c-4c56-4a4d-aa18-5e4b18984028,,1,,,64
4c8dcd2c-4c56-4a4d-aa18-5e4b18984028,,1,,,133
4c8dcd2c-4c56-4a4d-aa18-5e4b18984028,,1,,,210
4c8dcd2c-4c56-4a4d-aa18-5e4b18984028,,1,,,86
4c8dcd2c-4c56-4a4d-aa18-5e4b18984028,,1,,,176
4c8dcd2c-4c56-4a4d-aa18-5e4b18984028,,1,,,293
4c8dcd2c-4c56-4a4d-aa18-5e4b18984028,,1,,,21
4c8dcd2c-4c56-4a4d-aa18-5e4b18984028,,1,,,177 -
4c8dcd2c-4c56-4a4d-aa18-5e4b18984028,,1,,,390
4c8dcd2c-4c56-4a4d-aa18-5e4b18984028,,1,,,43
4c8dcd2c-4c56-4a4d-aa18-5e4b18984028,,1,,,134
4c8dcd2c-4c56-4a4d-aa18-5e4b18984028,,1,,,273
4c8dcd2c-4c56-4a4d-aa18-5e4b18984028,,1,,,65
4c8dcd2c-4c56-4a4d-aa18-5e4b18984028,,1,,,133
4c8dcd2c-4c56-4a4d-aa18-5e4b18984028,,1,,,212.
4c8dcd2c-4c56-4a4d-aa18-5e4b18984028,,1,,,87
4c8dcd2c-4c56-4a4d-aa18-5e4b18984028,,1,,,136
4c8dcd2c-4c56-4a4d-aa18-5e4b18984028,,1,,,339
4c8dcd2c-4c56-4a4d-aa18-5e4b18984028,,1,,,
4c8dcd2c-4c56-4a4d-aa18-5e4b18984028,,1,,,PD no. Nº de SV
4c8dcd2c-4c56-4a4d-aa18-5e4b18984028,,1,,,Seq. no. Nº de séq.
4c8dcd2c-4c56-4a4d-aa18-5e4b18984028,,1,,,
4c8dcd2c-4c56-4a4d-aa18-5e4b18984028,,1,,,PD no. Nº de SV
4c8dcd2c-4c56-4a4d-aa18-5e4b18984028,,1,,,Seq. no. Nº de séq.
4c8dcd2c-4c56-4a4d-aa18-5e4b18984028,,1,,,
4c8dcd2c-4c56-4a4d-aa18-5e4b18984028,,1,,,PD no. Nº de SV
4c8dcd2c-4c56-4a4d-aa18-5e4b18984028,,1,,,Seq. no. Nº de séq.
4c8dcd2c-4c56-4a4d-aa18-5e4b18984028,,1,,,
4c8dcd2c-4c56-4a4d-aa18-5e4b18984028,,1,,,PD no. Nº de SV
4c8dcd2c-4c56-4a4d-aa18-5e4b18984028,,1,,,Seq. no. Nº de séq.
4c8dcd2c-4c56-4a4d-aa18-5e4b18984028,,1,,,ex:
4c8dcd2c-4c56-4a4d-aa18-5e4b18984028,,1,,,105-A
4c8dcd2c-4c56-4a4d-aa18-5e4b18984028,,1,,,87
4c8dcd2c-4c56-4a4d-aa18-5e4b18984028,,1,,,22
4c8dcd2c-4c56-4a4d-aa18-5e4b18984028,,1,,,177
4c8dcd2c-4c56-4a4d-aa18-5e4b18984028,,1,,,201
4c8dcd2c-4c56-4a4d-aa18-5e4b18984028,,1,,,44
4c8dcd2c-4c56-4a4d-aa18-5e4b18984028,,1,,,173
4c8dcd2c-4c56-4a4d-aa18-5e4b18984028,,1,,,162
4c8dcd2c-4c56-4a4d-aa18-5e4b18984028,,1,,,66
4c8dcd2c-4c56-4a4d-aa18-5e4b18984028,,1,,,136
4c8dcd2c-4c56-4a4d-aa18-5e4b18984028,,1,,,5%.
4c8dcd2c-4c56-4a4d-aa18-5e4b18984028,,1,,,1
4c8dcd2c-4c56-4a4d-aa18-5e4b18984028,,1,,,136
4c8dcd2c-4c56-4a4d-aa18-5e4b18984028,,1,,,380
4c8dcd2c-4c56-4a4d-aa18-5e4b18984028,,1,,,23
4c8dcd2c-4c56-4a4d-aa18-5e4b18984028,,1,,,177
4c8dcd2c-4c56-4a4d-aa18-5e4b18984028,,1,,,202
4c8dcd2c-4c56-4a4d-aa18-5e4b18984028,,1,,,45
4c8dcd2c-4c56-4a4d-aa18-5e4b18984028,,1,,,173
4c8dcd2c-4c56-4a4d-aa18-5e4b18984028,,1,,,159
4c8dcd2c-4c56-4a4d-aa18-5e4b18984028,,1,,,·67
4c8dcd2c-4c56-4a4d-aa18-5e4b18984028,,1,,,176
4c8dcd2c-4c56-4a4d-aa18-5e4b18984028,,1,,,386
4c8dcd2c-4c56-4a4d-aa18-5e4b18984028,,1,,,2
4c8dcd2c-4c56-4a4d-aa18-5e4b18984028,,1,,,136
4c8dcd2c-4c56-4a4d-aa18-5e4b18984028,,1,,,382
4c8dcd2c-4c56-4a4d-aa18-5e4b18984028,,1,,,24
4c8dcd2c-4c56-4a4d-aa18-5e4b18984028,,1,,,133
4c8dcd2c-4c56-4a4d-aa18-5e4b18984028,,1,,,217
4c8dcd2c-4c56-4a4d-aa18-5e4b18984028,,1,,,46
4c8dcd2c-4c56-4a4d-aa18-5e4b18984028,,1,,,177
4c8dcd2c-4c56-4a4d-aa18-5e4b18984028,,1,,,444
4c8dcd2c-4c56-4a4d-aa18-5e4b18984028,,1,,,68
4c8dcd2c-4c56-4a4d-aa18-5e4b18984028,,1,,,.136
4c8dcd2c-4c56-4a4d-aa18-5e4b18984028,,1,,,72.
4c8dcd2c-4c56-4a4d-aa18-5e4b18984028,,1,,,3
4c8dcd2c-4c56-4a4d-aa18-5e4b18984028,,1,,,140
4c8dcd2c-4c56-4a4d-aa18-5e4b18984028,,1,,,161
4c8dcd2c-4c56-4a4d-aa18-5e4b18984028,,1,,,25
4c8dcd2c-4c56-4a4d-aa18-5e4b18984028,,1,,,176
4c8dcd2c-4c56-4a4d-aa18-5e4b18984028,,1,,,46
4c8dcd2c-4c56-4a4d-aa18-5e4b18984028,,1,,,47
4c8dcd2c-4c56-4a4d-aa18-5e4b18984028,,1,,,177
4c8dcd2c-4c56-4a4d-aa18-5e4b18984028,,1,,,445
4c8dcd2c-4c56-4a4d-aa18-5e4b18984028,,1,,,69
4c8dcd2c-4c56-4a4d-aa18-5e4b18984028,,1,,,132
4c8dcd2c-4c56-4a4d-aa18-5e4b18984028,,1,,,200
4c8dcd2c-4c56-4a4d-aa18-5e4b18984028,,1,,,4
4c8dcd2c-4c56-4a4d-aa18-5e4b18984028,,1,,,137
4c8dcd2c-4c56-4a4d-aa18-5e4b18984028,,1,,,101
4c8dcd2c-4c56-4a4d-aa18-5e4b18984028,,1,,,26
4c8dcd2c-4c56-4a4d-aa18-5e4b18984028,,1,,,176
4c8dcd2c-4c56-4a4d-aa18-5e4b18984028,,1,,,45
4c8dcd2c-4c56-4a4d-aa18-5e4b18984028,,1,,,48
4c8dcd2c-4c56-4a4d-aa18-5e4b18984028,,1,,,177
4c8dcd2c-4c56-4a4d-aa18-5e4b18984028,,1,,,44
4c8dcd2c-4c56-4a4d-aa18-5e4b18984028,,1,,,70
4c8dcd2c-4c56-4a4d-aa18-5e4b18984028,,1,,,140
4c8dcd2c-4c56-4a4d-aa18-5e4b18984028,,1,,,160
4c8dcd2c-4c56-4a4d-aa18-5e4b18984028,,1,,,
4c8dcd2c-4c56-4a4d-aa18-5e4b18984028,,1,,,134
4c8dcd2c-4c56-4a4d-aa18-5e4b18984028,,1,,,292
4c8dcd2c-4c56-4a4d-aa18-5e4b18984028,,1,,,27
4c8dcd2c-4c56-4a4d-aa18-5e4b18984028,,1,,,176
4c8dcd2c-4c56-4a4d-aa18-5e4b18984028,,1,,,44
4c8dcd2c-4c56-4a4d-aa18-5e4b18984028,,1,,,49
4c8dcd2c-4c56-4a4d-aa18-5e4b18984028,,1,,,150
4c8dcd2c-4c56-4a4d-aa18-5e4b18984028,,1,,,267
4c8dcd2c-4c56-4a4d-aa18-5e4b18984028,,1,,,71
4c8dcd2c-4c56-4a4d-aa18-5e4b18984028,,1,,,177
4c8dcd2c-4c56-4a4d-aa18-5e4b18984028,,1,,,SIS
4c8dcd2c-4c56-4a4d-aa18-5e4b18984028,,1,,,
4c8dcd2c-4c56-4a4d-aa18-5e4b18984028,,1,,,134
4c8dcd2c-4c56-4a4d-aa18-5e4b18984028,,1,,,289
4c8dcd2c-4c56-4a4d-aa18-5e4b18984028,,1,,,28
4c8dcd2c-4c56-4a4d-aa18-5e4b18984028,,1,,,"150"""
4c8dcd2c-4c56-4a4d-aa18-5e4b18984028,,1,,,182
4c8dcd2c-4c56-4a4d-aa18-5e4b18984028,,1,,,50
4c8dcd2c-4c56-4a4d-aa18-5e4b18984028,,1,,,150
4c8dcd2c-4c56-4a4d-aa18-5e4b18984028,,1,,,268
4c8dcd2c-4c56-4a4d-aa18-5e4b18984028,,1,,,72
4c8dcd2c-4c56-4a4d-aa18-5e4b18984028,,1,,,177
4c8dcd2c-4c56-4a4d-aa18-5e4b18984028,,1,,,397
4c8dcd2c-4c56-4a4d-aa18-5e4b18984028,,1,,,7
4c8dcd2c-4c56-4a4d-aa18-5e4b18984028,,1,,,"1,40"
4c8dcd2c-4c56-4a4d-aa18-5e4b18984028,,1,,,94.
4c8dcd2c-4c56-4a4d-aa18-5e4b18984028,,1,,,·29
4c8dcd2c-4c56-4a4d-aa18-5e4b18984028,,1,,,148
4c8dcd2c-4c56-4a4d-aa18-5e4b18984028,,1,,,283
4c8dcd2c-4c56-4a4d-aa18-5e4b18984028,,1,,,51
4c8dcd2c-4c56-4a4d-aa18-5e4b18984028,,1,,,150
4c8dcd2c-4c56-4a4d-aa18-5e4b18984028,,1,,,223
4c8dcd2c-4c56-4a4d-aa18-5e4b18984028,,1,,,73
4c8dcd2c-4c56-4a4d-aa18-5e4b18984028,,1,,,138
4c8dcd2c-4c56-4a4d-aa18-5e4b18984028,,1,,,253.
4c8dcd2c-4c56-4a4d-aa18-5e4b18984028,,1,,,8
4c8dcd2c-4c56-4a4d-aa18-5e4b18984028,,1,,,140
4c8dcd2c-4c56-4a4d-aa18-5e4b18984028,,1,,,403
4c8dcd2c-4c56-4a4d-aa18-5e4b18984028,,1,,,30
4c8dcd2c-4c56-4a4d-aa18-5e4b18984028,,1,,,148
4c8dcd2c-4c56-4a4d-aa18-5e4b18984028,,1,,,282
4c8dcd2c-4c56-4a4d-aa18-5e4b18984028,,1,,,52
4c8dcd2c-4c56-4a4d-aa18-5e4b18984028,,1,,,150
4c8dcd2c-4c56-4a4d-aa18-5e4b18984028,,1,,,221
4c8dcd2c-4c56-4a4d-aa18-5e4b18984028,,1,,,74
4c8dcd2c-4c56-4a4d-aa18-5e4b18984028,,1,,,173
4c8dcd2c-4c56-4a4d-aa18-5e4b18984028,,1,,,160
4c8dcd2c-4c56-4a4d-aa18-5e4b18984028,,1,,,9
4c8dcd2c-4c56-4a4d-aa18-5e4b18984028,,1,,,183
4c8dcd2c-4c56-4a4d-aa18-5e4b18984028,,1,,,176
4c8dcd2c-4c56-4a4d-aa18-5e4b18984028,,1,,,31
4c8dcd2c-4c56-4a4d-aa18-5e4b18984028,,1,,,137
4c8dcd2c-4c56-4a4d-aa18-5e4b18984028,,1,,,:18
4c8dcd2c-4c56-4a4d-aa18-5e4b18984028,,1,,,53
4c8dcd2c-4c56-4a4d-aa18-5e4b18984028,,1,,,139
4c8dcd2c-4c56-4a4d-aa18-5e4b18984028,,1,,,381
4c8dcd2c-4c56-4a4d-aa18-5e4b18984028,,1,,,75
4c8dcd2c-4c56-4a4d-aa18-5e4b18984028,,1,,,139
4c8dcd2c-4c56-4a4d-aa18-5e4b18984028,,1,,,69
4c8dcd2c-4c56-4a4d-aa18-5e4b18984028,,1,,,10
4c8dcd2c-4c56-4a4d-aa18-5e4b18984028,,1,,,136
4c8dcd2c-4c56-4a4d-aa18-5e4b18984028,,1,,,297
4c8dcd2c-4c56-4a4d-aa18-5e4b18984028,,1,,,32
4c8dcd2c-4c56-4a4d-aa18-5e4b18984028,,1,,,137
4c8dcd2c-4c56-4a4d-aa18-5e4b18984028,,1,,,150
4c8dcd2c-4c56-4a4d-aa18-5e4b18984028,,1,,,54
4c8dcd2c-4c56-4a4d-aa18-5e4b18984028,,1,,,148
4c8dcd2c-4c56-4a4d-aa18-5e4b18984028,,1,,,237
4c8dcd2c-4c56-4a4d-aa18-5e4b18984028,,1,,,76
4c8dcd2c-4c56-4a4d-aa18-5e4b18984028,,1,,,139
4c8dcd2c-4c56-4a4d-aa18-5e4b18984028,,1,,,70
4c8dcd2c-4c56-4a4d-aa18-5e4b18984028,,1,,,11
4c8dcd2c-4c56-4a4d-aa18-5e4b18984028,,1,,,136
4c8dcd2c-4c56-4a4d-aa18-5e4b18984028,,1,,,298.
4c8dcd2c-4c56-4a4d-aa18-5e4b18984028,,1,,,33
4c8dcd2c-4c56-4a4d-aa18-5e4b18984028,,1,,,132
4c8dcd2c-4c56-4a4d-aa18-5e4b18984028,,1,,,242
4c8dcd2c-4c56-4a4d-aa18-5e4b18984028,,1,,,55
4c8dcd2c-4c56-4a4d-aa18-5e4b18984028,,1,,,150
4c8dcd2c-4c56-4a4d-aa18-5e4b18984028,,1,,,233
4c8dcd2c-4c56-4a4d-aa18-5e4b18984028,,1,,,77
4c8dcd2c-4c56-4a4d-aa18-5e4b18984028,,1,,,176
4c8dcd2c-4c56-4a4d-aa18-5e4b18984028,,1,,,"377,"
4c8dcd2c-4c56-4a4d-aa18-5e4b18984028,,1,,,12
4c8dcd2c-4c56-4a4d-aa18-5e4b18984028,,1,,,138
4c8dcd2c-4c56-4a4d-aa18-5e4b18984028,,1,,,173
4c8dcd2c-4c56-4a4d-aa18-5e4b18984028,,1,,,34
4c8dcd2c-4c56-4a4d-aa18-5e4b18984028,,1,,,135
4c8dcd2c-4c56-4a4d-aa18-5e4b18984028,,1,,,309
4c8dcd2c-4c56-4a4d-aa18-5e4b18984028,,1,,,56
4c8dcd2c-4c56-4a4d-aa18-5e4b18984028,,1,,,139
4c8dcd2c-4c56-4a4d-aa18-5e4b18984028,,1,,,392
4c8dcd2c-4c56-4a4d-aa18-5e4b18984028,,1,,,78
4c8dcd2c-4c56-4a4d-aa18-5e4b18984028,,1,,,148
4c8dcd2c-4c56-4a4d-aa18-5e4b18984028,,1,,,306
4c8dcd2c-4c56-4a4d-aa18-5e4b18984028,,1,,,13
4c8dcd2c-4c56-4a4d-aa18-5e4b18984028,,1,,,17.3
4c8dcd2c-4c56-4a4d-aa18-5e4b18984028,,1,,,114
4c8dcd2c-4c56-4a4d-aa18-5e4b18984028,,1,,,35
4c8dcd2c-4c56-4a4d-aa18-5e4b18984028,,1,,,198
4c8dcd2c-4c56-4a4d-aa18-5e4b18984028,,1,,,66
4c8dcd2c-4c56-4a4d-aa18-5e4b18984028,,1,,,57
4c8dcd2c-4c56-4a4d-aa18-5e4b18984028,,1,,,139
4c8dcd2c-4c56-4a4d-aa18-5e4b18984028,,1,,,428
4c8dcd2c-4c56-4a4d-aa18-5e4b18984028,,1,,,79
4c8dcd2c-4c56-4a4d-aa18-5e4b18984028,,1,,,148
4c8dcd2c-4c56-4a4d-aa18-5e4b18984028,,1,,,307
4c8dcd2c-4c56-4a4d-aa18-5e4b18984028,,1,,,14
4c8dcd2c-4c56-4a4d-aa18-5e4b18984028,,1,,,135
4c8dcd2c-4c56-4a4d-aa18-5e4b18984028,,1,,,325
4c8dcd2c-4c56-4a4d-aa18-5e4b18984028,,1,,,: 36
4c8dcd2c-4c56-4a4d-aa18-5e4b18984028,,1,,,176
4c8dcd2c-4c56-4a4d-aa18-5e4b18984028,,1,,,177
4c8dcd2c-4c56-4a4d-aa18-5e4b18984028,,1,,,58
4c8dcd2c-4c56-4a4d-aa18-5e4b18984028,,1,,,132
4c8dcd2c-4c56-4a4d-aa18-5e4b18984028,,1,,,50
4c8dcd2c-4c56-4a4d-aa18-5e4b18984028,,1,,,80
4c8dcd2c-4c56-4a4d-aa18-5e4b18984028,,1,,,1.34
4c8dcd2c-4c56-4a4d-aa18-5e4b18984028,,1,,,15.
4c8dcd2c-4c56-4a4d-aa18-5e4b18984028,,1,,,15
4c8dcd2c-4c56-4a4d-aa18-5e4b18984028,,1,,,139
4c8dcd2c-4c56-4a4d-aa18-5e4b18984028,,1,,,420
4c8dcd2c-4c56-4a4d-aa18-5e4b18984028,,1,,,37
4c8dcd2c-4c56-4a4d-aa18-5e4b18984028,,1,,,176
4c8dcd2c-4c56-4a4d-aa18-5e4b18984028,,1,,,17b.
4c8dcd2c-4c56-4a4d-aa18-5e4b18984028,,1,,,59
4c8dcd2c-4c56-4a4d-aa18-5e4b18984028,,1,,,1.76
4c8dcd2c-4c56-4a4d-aa18-5e4b18984028,,1,,,3KB
4c8dcd2c-4c56-4a4d-aa18-5e4b18984028,,1,,,81
4c8dcd2c-4c56-4a4d-aa18-5e4b18984028,,1,,,134
4c8dcd2c-4c56-4a4d-aa18-5e4b18984028,,1,,,14
4c8dcd2c-4c56-4a4d-aa18-5e4b18984028,,1,,,16
4c8dcd2c-4c56-4a4d-aa18-5e4b18984028,,1,,,140
4c8dcd2c-4c56-4a4d-aa18-5e4b18984028,,1,,,413
4c8dcd2c-4c56-4a4d-aa18-5e4b18984028,,1,,,38
4c8dcd2c-4c56-4a4d-aa18-5e4b18984028,,1,,,135
4c8dcd2c-4c56-4a4d-aa18-5e4b18984028,,1,,,34
4c8dcd2c-4c56-4a4d-aa18-5e4b18984028,,1,,,60
4c8dcd2c-4c56-4a4d-aa18-5e4b18984028,,1,,,176
4c8dcd2c-4c56-4a4d-aa18-5e4b18984028,,1,,,318
4c8dcd2c-4c56-4a4d-aa18-5e4b18984028,,1,,,82
4c8dcd2c-4c56-4a4d-aa18-5e4b18984028,,1,,,148
4c8dcd2c-4c56-4a4d-aa18-5e4b18984028,,1,,,196
4c8dcd2c-4c56-4a4d-aa18-5e4b18984028,,1,,,17
4c8dcd2c-4c56-4a4d-aa18-5e4b18984028,,1,,,134
4c8dcd2c-4c56-4a4d-aa18-5e4b18984028,,1,,,
4c8dcd2c-4c56-4a4d-aa18-5e4b18984028,,1,,,314
4c8dcd2c-4c56-4a4d-aa18-5e4b18984028,,1,,,39
4c8dcd2c-4c56-4a4d-aa18-5e4b18984028,,1,,,133
4c8dcd2c-4c56-4a4d-aa18-5e4b18984028,,1,,,207.
4c8dcd2c-4c56-4a4d-aa18-5e4b18984028,,1,,,61
4c8dcd2c-4c56-4a4d-aa18-5e4b18984028,,1,,,139
4c8dcd2c-4c56-4a4d-aa18-5e4b18984028,,1,,,388.
4c8dcd2c-4c56-4a4d-aa18-5e4b18984028,,1,,,83
4c8dcd2c-4c56-4a4d-aa18-5e4b18984028,,1,,,176
4c8dcd2c-4c56-4a4d-aa18-5e4b18984028,,1,,,233
4c8dcd2c-4c56-4a4d-aa18-5e4b18984028,,1,,,18
4c8dcd2c-4c56-4a4d-aa18-5e4b18984028,,1,,,134
4c8dcd2c-4c56-4a4d-aa18-5e4b18984028,,1,,,
4c8dcd2c-4c56-4a4d-aa18-5e4b18984028,,1,,,315
4c8dcd2c-4c56-4a4d-aa18-5e4b18984028,,1,,,40
4c8dcd2c-4c56-4a4d-aa18-5e4b18984028,,1,,,133
4c8dcd2c-4c56-4a4d-aa18-5e4b18984028,,1,,,208.
4c8dcd2c-4c56-4a4d-aa18-5e4b18984028,,1,,,62
4c8dcd2c-4c56-4a4d-aa18-5e4b18984028,,1,,,150
4c8dcd2c-4c56-4a4d-aa18-5e4b18984028,,1,,,107
4c8dcd2c-4c56-4a4d-aa18-5e4b18984028,,1,,,84
4c8dcd2c-4c56-4a4d-aa18-5e4b18984028,,1,,,176
4c8dcd2c-4c56-4a4d-aa18-5e4b18984028,,1,,,234
4c8dcd2c-4c56-4a4d-aa18-5e4b18984028,,1,,,19
4c8dcd2c-4c56-4a4d-aa18-5e4b18984028,,1,,,134
4c8dcd2c-4c56-4a4d-aa18-5e4b18984028,,1,,,
4c8dcd2c-4c56-4a4d-aa18-5e4b18984028,,1,,,312
4c8dcd2c-4c56-4a4d-aa18-5e4b18984028,,1,,,41
4c8dcd2c-4c56-4a4d-aa18-5e4b18984028,,1,,,173
4c8dcd2c-4c56-4a4d-aa18-5e4b18984028,,1,,,161
4c8dcd2c-4c56-4a4d-aa18-5e4b18984028,,1,,,63
4c8dcd2c-4c56-4a4d-aa18-5e4b18984028,,1,,,150
4c8dcd2c-4c56-4a4d-aa18-5e4b18984028,,1,,,350
4c8dcd2c-4c56-4a4d-aa18-5e4b18984028,,1,,,85
4c8dcd2c-4c56-4a4d-aa18-5e4b18984028,,1,,,132
4c8dcd2c-4c56-4a4d-aa18-5e4b18984028,,1,,,23
4c8dcd2c-4c56-4a4d-aa18-5e4b18984028,,1,,,20
4c8dcd2c-4c56-4a4d-aa18-5e4b18984028,,1,,,134
4c8dcd2c-4c56-4a4d-aa18-5e4b18984028,,1,,,313
4c8dcd2c-4c56-4a4d-aa18-5e4b18984028,,1,,,42
4c8dcd2c-4c56-4a4d-aa18-5e4b18984028,,1,,,135
4c8dcd2c-4c56-4a4d-aa18-5e4b18984028,,1,,,349
4c8dcd2c-4c56-4a4d-aa18-5e4b18984028,,1,,,64
4c8dcd2c-4c56-4a4d-aa18-5e4b18984028,,1,,,150
4c8dcd2c-4c56-4a4d-aa18-5e4b18984028,,1,,,351
4c8dcd2c-4c56-4a4d-aa18-5e4b18984028,,1,,,86
4c8dcd2c-4c56-4a4d-aa18-5e4b18984028,,1,,,150
4c8dcd2c-4c56-4a4d-aa18-5e4b18984028,,1,,,389
4c8dcd2c-4c56-4a4d-aa18-5e4b18984028,,1,,,21
4c8dcd2c-4c56-4a4d-aa18-5e4b18984028,,1,,,137
4c8dcd2c-4c56-4a4d-aa18-5e4b18984028,,1,,,71
4c8dcd2c-4c56-4a4d-aa18-5e4b18984028,,1,,,43
4c8dcd2c-4c56-4a4d-aa18-5e4b18984028,,1,,,135
4c8dcd2c-4c56-4a4d-aa18-5e4b18984028,,1,,,347
4c8dcd2c-4c56-4a4d-aa18-5e4b18984028,,1,,,65
4c8dcd2c-4c56-4a4d-aa18-5e4b18984028,,1,,,150
4c8dcd2c-4c56-4a4d-aa18-5e4b18984028,,1,,,349.
4c8dcd2c-4c56-4a4d-aa18-5e4b18984028,,1,,,87
4c8dcd2c-4c56-4a4d-aa18-5e4b18984028,,1,,,176
4c8dcd2c-4c56-4a4d-aa18-5e4b18984028,,1,,,341
4c8dcd2c-4c56-4a4d-aa18-5e4b18984028,,1,,,
4c8dcd2c-4c56-4a4d-aa18-5e4b18984028,,1,,,P.D no. Nº de SV
4c8dcd2c-4c56-4a4d-aa18-5e4b18984028,,1,,,Seq. no. Nº de séq.
4c8dcd2c-4c56-4a4d-aa18-5e4b18984028,,1,,,
4c8dcd2c-4c56-4a4d-aa18-5e4b18984028,,1,,,PD no .. Nº de SV
4c8dcd2c-4c56-4a4d-aa18-5e4b18984028,,1,,,Seq. no. Nº de séq.
4c8dcd2c-4c56-4a4d-aa18-5e4b18984028,,1,,,
4c8dcd2c-4c56-4a4d-aa18-5e4b18984028,,1,,,PD no. Nº de SV
4c8dcd2c-4c56-4a4d-aa18-5e4b18984028,,1,,,Seq. no. Nº de séq.
4c8dcd2c-4c56-4a4d-aa18-5e4b18984028,,1,,,ex:
4c8dcd2c-4c56-4a4d-aa18-5e4b18984028,,1,,,1.05-A
4c8dcd2c-4c56-4a4d-aa18-5e4b18984028,,1,,,87.
4c8dcd2c-4c56-4a4d-aa18-5e4b18984028,,1,,,22
4c8dcd2c-4c56-4a4d-aa18-5e4b18984028,,1,,,182
4c8dcd2c-4c56-4a4d-aa18-5e4b18984028,,1,,,188
4c8dcd2c-4c56-4a4d-aa18-5e4b18984028,,1,,,44
4c8dcd2c-4c56-4a4d-aa18-5e4b18984028,,1,,,171
4c8dcd2c-4c56-4a4d-aa18-5e4b18984028,,1,,,29
4c8dcd2c-4c56-4a4d-aa18-5e4b18984028,,1,,,1
4c8dcd2c-4c56-4a4d-aa18-5e4b18984028,,1,,,172
4c8dcd2c-4c56-4a4d-aa18-5e4b18984028,,1,,,444
4c8dcd2c-4c56-4a4d-aa18-5e4b18984028,,1,,,23
4c8dcd2c-4c56-4a4d-aa18-5e4b18984028,,1,,,172
4c8dcd2c-4c56-4a4d-aa18-5e4b18984028,,1,,,404
4c8dcd2c-4c56-4a4d-aa18-5e4b18984028,,1,,,45
4c8dcd2c-4c56-4a4d-aa18-5e4b18984028,,1,,,171
4c8dcd2c-4c56-4a4d-aa18-5e4b18984028,,1,,,38.
4c8dcd2c-4c56-4a4d-aa18-5e4b18984028,,1,,,2
4c8dcd2c-4c56-4a4d-aa18-5e4b18984028,,1,,,147
4c8dcd2c-4c56-4a4d-aa18-5e4b18984028,,1,,,103
4c8dcd2c-4c56-4a4d-aa18-5e4b18984028,,1,,,24
4c8dcd2c-4c56-4a4d-aa18-5e4b18984028,,1,,,149
4c8dcd2c-4c56-4a4d-aa18-5e4b18984028,,1,,,83
4c8dcd2c-4c56-4a4d-aa18-5e4b18984028,,1,,,46
4c8dcd2c-4c56-4a4d-aa18-5e4b18984028,,1,,,15/
4c8dcd2c-4c56-4a4d-aa18-5e4b18984028,,1,,,202
4c8dcd2c-4c56-4a4d-aa18-5e4b18984028,,1,,,3
4c8dcd2c-4c56-4a4d-aa18-5e4b18984028,,1,,,81
4c8dcd2c-4c56-4a4d-aa18-5e4b18984028,,1,,,286
4c8dcd2c-4c56-4a4d-aa18-5e4b18984028,,1,,,25
4c8dcd2c-4c56-4a4d-aa18-5e4b18984028,,1,,,182
4c8dcd2c-4c56-4a4d-aa18-5e4b18984028,,1,,,10
4c8dcd2c-4c56-4a4d-aa18-5e4b18984028,,1,,,47
4c8dcd2c-4c56-4a4d-aa18-5e4b18984028,,1,,,196
4c8dcd2c-4c56-4a4d-aa18-5e4b18984028,,1,,,255
4c8dcd2c-4c56-4a4d-aa18-5e4b18984028,,1,,,4
4c8dcd2c-4c56-4a4d-aa18-5e4b18984028,,1,,,181
4c8dcd2c-4c56-4a4d-aa18-5e4b18984028,,1,,,332
4c8dcd2c-4c56-4a4d-aa18-5e4b18984028,,1,,,26
4c8dcd2c-4c56-4a4d-aa18-5e4b18984028,,1,,,172
4c8dcd2c-4c56-4a4d-aa18-5e4b18984028,,1,,,137
4c8dcd2c-4c56-4a4d-aa18-5e4b18984028,,1,,,48
4c8dcd2c-4c56-4a4d-aa18-5e4b18984028,,1,,,196
4c8dcd2c-4c56-4a4d-aa18-5e4b18984028,,1,,,256
4c8dcd2c-4c56-4a4d-aa18-5e4b18984028,,1,,,"5
in"
4c8dcd2c-4c56-4a4d-aa18-5e4b18984028,,1,,,183
4c8dcd2c-4c56-4a4d-aa18-5e4b18984028,,1,,,141
4c8dcd2c-4c56-4a4d-aa18-5e4b18984028,,1,,,27
4c8dcd2c-4c56-4a4d-aa18-5e4b18984028,,1,,,172
4c8dcd2c-4c56-4a4d-aa18-5e4b18984028,,1,,,136
4c8dcd2c-4c56-4a4d-aa18-5e4b18984028,,1,,,49
4c8dcd2c-4c56-4a4d-aa18-5e4b18984028,,1,,,196
4c8dcd2c-4c56-4a4d-aa18-5e4b18984028,,1,,,254.
4c8dcd2c-4c56-4a4d-aa18-5e4b18984028,,1,,,"6
00"
4c8dcd2c-4c56-4a4d-aa18-5e4b18984028,,1,,,149
4c8dcd2c-4c56-4a4d-aa18-5e4b18984028,,1,,,252
4c8dcd2c-4c56-4a4d-aa18-5e4b18984028,,1,,,28
4c8dcd2c-4c56-4a4d-aa18-5e4b18984028,,1,,,168
4c8dcd2c-4c56-4a4d-aa18-5e4b18984028,,1,,,109.
4c8dcd2c-4c56-4a4d-aa18-5e4b18984028,,1,,,50
4c8dcd2c-4c56-4a4d-aa18-5e4b18984028,,1,,,182
4c8dcd2c-4c56-4a4d-aa18-5e4b18984028,,1,,,285
4c8dcd2c-4c56-4a4d-aa18-5e4b18984028,,1,,,1
4c8dcd2c-4c56-4a4d-aa18-5e4b18984028,,1,,,181
4c8dcd2c-4c56-4a4d-aa18-5e4b18984028,,1,,,168
4c8dcd2c-4c56-4a4d-aa18-5e4b18984028,,1,,,29
4c8dcd2c-4c56-4a4d-aa18-5e4b18984028,,1,,,168
4c8dcd2c-4c56-4a4d-aa18-5e4b18984028,,1,,,107
4c8dcd2c-4c56-4a4d-aa18-5e4b18984028,,1,,,51
4c8dcd2c-4c56-4a4d-aa18-5e4b18984028,,1,,,180
4c8dcd2c-4c56-4a4d-aa18-5e4b18984028,,1,,,356
4c8dcd2c-4c56-4a4d-aa18-5e4b18984028,,1,,,"8
00"
4c8dcd2c-4c56-4a4d-aa18-5e4b18984028,,1,,,182
4c8dcd2c-4c56-4a4d-aa18-5e4b18984028,,1,,,187
4c8dcd2c-4c56-4a4d-aa18-5e4b18984028,,1,,,30
4c8dcd2c-4c56-4a4d-aa18-5e4b18984028,,1,,,168
4c8dcd2c-4c56-4a4d-aa18-5e4b18984028,,1,,,87
4c8dcd2c-4c56-4a4d-aa18-5e4b18984028,,1,,,52
4c8dcd2c-4c56-4a4d-aa18-5e4b18984028,,1,,,179
4c8dcd2c-4c56-4a4d-aa18-5e4b18984028,,1,,,347
4c8dcd2c-4c56-4a4d-aa18-5e4b18984028,,1,,,9
4c8dcd2c-4c56-4a4d-aa18-5e4b18984028,,1,,,149
4c8dcd2c-4c56-4a4d-aa18-5e4b18984028,,1,,,82
4c8dcd2c-4c56-4a4d-aa18-5e4b18984028,,1,,,31
4c8dcd2c-4c56-4a4d-aa18-5e4b18984028,,1,,,180
4c8dcd2c-4c56-4a4d-aa18-5e4b18984028,,1,,,22
4c8dcd2c-4c56-4a4d-aa18-5e4b18984028,,1,,,53
4c8dcd2c-4c56-4a4d-aa18-5e4b18984028,,1,,,179
4c8dcd2c-4c56-4a4d-aa18-5e4b18984028,,1,,,217
4c8dcd2c-4c56-4a4d-aa18-5e4b18984028,,1,,,10
4c8dcd2c-4c56-4a4d-aa18-5e4b18984028,,1,,,181
4c8dcd2c-4c56-4a4d-aa18-5e4b18984028,,1,,,78
4c8dcd2c-4c56-4a4d-aa18-5e4b18984028,,1,,,32
4c8dcd2c-4c56-4a4d-aa18-5e4b18984028,,1,,,181
4c8dcd2c-4c56-4a4d-aa18-5e4b18984028,,1,,,
4c8dcd2c-4c56-4a4d-aa18-5e4b18984028,,1,,,54
4c8dcd2c-4c56-4a4d-aa18-5e4b18984028,,1,,,182
4c8dcd2c-4c56-4a4d-aa18-5e4b18984028,,1,,,268
4c8dcd2c-4c56-4a4d-aa18-5e4b18984028,,1,,,11
4c8dcd2c-4c56-4a4d-aa18-5e4b18984028,,1,,,169
4c8dcd2c-4c56-4a4d-aa18-5e4b18984028,,1,,,230
4c8dcd2c-4c56-4a4d-aa18-5e4b18984028,,1,,,33
4c8dcd2c-4c56-4a4d-aa18-5e4b18984028,,1,,,169
4c8dcd2c-4c56-4a4d-aa18-5e4b18984028,,1,,,211
4c8dcd2c-4c56-4a4d-aa18-5e4b18984028,,1,,,55
4c8dcd2c-4c56-4a4d-aa18-5e4b18984028,,1,,,151
4c8dcd2c-4c56-4a4d-aa18-5e4b18984028,,1,,,3
4c8dcd2c-4c56-4a4d-aa18-5e4b18984028,,1,,,12
4c8dcd2c-4c56-4a4d-aa18-5e4b18984028,,1,,,179
4c8dcd2c-4c56-4a4d-aa18-5e4b18984028,,1,,,350
4c8dcd2c-4c56-4a4d-aa18-5e4b18984028,,1,,,34
4c8dcd2c-4c56-4a4d-aa18-5e4b18984028,,1,,,169
4c8dcd2c-4c56-4a4d-aa18-5e4b18984028,,1,,,212
4c8dcd2c-4c56-4a4d-aa18-5e4b18984028,,1,,,56
4c8dcd2c-4c56-4a4d-aa18-5e4b18984028,,1,,,172
4c8dcd2c-4c56-4a4d-aa18-5e4b18984028,,1,,,420
4c8dcd2c-4c56-4a4d-aa18-5e4b18984028,,1,,,13
4c8dcd2c-4c56-4a4d-aa18-5e4b18984028,,1,,,172
4c8dcd2c-4c56-4a4d-aa18-5e4b18984028,,1,,,155
4c8dcd2c-4c56-4a4d-aa18-5e4b18984028,,1,,,35
4c8dcd2c-4c56-4a4d-aa18-5e4b18984028,,1,,,149
4c8dcd2c-4c56-4a4d-aa18-5e4b18984028,,1,,,209
4c8dcd2c-4c56-4a4d-aa18-5e4b18984028,,1,,,57
4c8dcd2c-4c56-4a4d-aa18-5e4b18984028,,1,,,196
4c8dcd2c-4c56-4a4d-aa18-5e4b18984028,,1,,,106
4c8dcd2c-4c56-4a4d-aa18-5e4b18984028,,1,,,14
4c8dcd2c-4c56-4a4d-aa18-5e4b18984028,,1,,,172
4c8dcd2c-4c56-4a4d-aa18-5e4b18984028,,1,,,154
4c8dcd2c-4c56-4a4d-aa18-5e4b18984028,,1,,,36
4c8dcd2c-4c56-4a4d-aa18-5e4b18984028,,1,,,149
4c8dcd2c-4c56-4a4d-aa18-5e4b18984028,,1,,,210
4c8dcd2c-4c56-4a4d-aa18-5e4b18984028,,1,,,58
4c8dcd2c-4c56-4a4d-aa18-5e4b18984028,,1,,,196
4c8dcd2c-4c56-4a4d-aa18-5e4b18984028,,1,,,107
4c8dcd2c-4c56-4a4d-aa18-5e4b18984028,,1,,,15
4c8dcd2c-4c56-4a4d-aa18-5e4b18984028,,1,,,195
4c8dcd2c-4c56-4a4d-aa18-5e4b18984028,,1,,,161
4c8dcd2c-4c56-4a4d-aa18-5e4b18984028,,1,,,37
4c8dcd2c-4c56-4a4d-aa18-5e4b18984028,,1,,,171
4c8dcd2c-4c56-4a4d-aa18-5e4b18984028,,1,,,408
4c8dcd2c-4c56-4a4d-aa18-5e4b18984028,,1,,,59
4c8dcd2c-4c56-4a4d-aa18-5e4b18984028,,1,,,196
4c8dcd2c-4c56-4a4d-aa18-5e4b18984028,,1,,,108
4c8dcd2c-4c56-4a4d-aa18-5e4b18984028,,1,,,16
4c8dcd2c-4c56-4a4d-aa18-5e4b18984028,,1,,,195
4c8dcd2c-4c56-4a4d-aa18-5e4b18984028,,1,,,164
4c8dcd2c-4c56-4a4d-aa18-5e4b18984028,,1,,,38
4c8dcd2c-4c56-4a4d-aa18-5e4b18984028,,1,,,171
4c8dcd2c-4c56-4a4d-aa18-5e4b18984028,,1,,,410
4c8dcd2c-4c56-4a4d-aa18-5e4b18984028,,1,,,60
4c8dcd2c-4c56-4a4d-aa18-5e4b18984028,,1,,,179
4c8dcd2c-4c56-4a4d-aa18-5e4b18984028,,1,,,386
4c8dcd2c-4c56-4a4d-aa18-5e4b18984028,,1,,,17
4c8dcd2c-4c56-4a4d-aa18-5e4b18984028,,1,,,169
4c8dcd2c-4c56-4a4d-aa18-5e4b18984028,,1,,,222
4c8dcd2c-4c56-4a4d-aa18-5e4b18984028,,1,,,39
4c8dcd2c-4c56-4a4d-aa18-5e4b18984028,,1,,,171
4c8dcd2c-4c56-4a4d-aa18-5e4b18984028,,1,,,409
4c8dcd2c-4c56-4a4d-aa18-5e4b18984028,,1,,,61
4c8dcd2c-4c56-4a4d-aa18-5e4b18984028,,1,,,195
4c8dcd2c-4c56-4a4d-aa18-5e4b18984028,,1,,,101
4c8dcd2c-4c56-4a4d-aa18-5e4b18984028,,1,,,18
4c8dcd2c-4c56-4a4d-aa18-5e4b18984028,,1,,,15/
4c8dcd2c-4c56-4a4d-aa18-5e4b18984028,,1,,,142
4c8dcd2c-4c56-4a4d-aa18-5e4b18984028,,1,,,40
4c8dcd2c-4c56-4a4d-aa18-5e4b18984028,,1,,,179
4c8dcd2c-4c56-4a4d-aa18-5e4b18984028,,1,,,346
4c8dcd2c-4c56-4a4d-aa18-5e4b18984028,,1,,,62
4c8dcd2c-4c56-4a4d-aa18-5e4b18984028,,1,,,147
4c8dcd2c-4c56-4a4d-aa18-5e4b18984028,,1,,,360:
4c8dcd2c-4c56-4a4d-aa18-5e4b18984028,,1,,,19
4c8dcd2c-4c56-4a4d-aa18-5e4b18984028,,1,,,196
4c8dcd2c-4c56-4a4d-aa18-5e4b18984028,,1,,,507
4c8dcd2c-4c56-4a4d-aa18-5e4b18984028,,1,,,41
4c8dcd2c-4c56-4a4d-aa18-5e4b18984028,,1,,,179
4c8dcd2c-4c56-4a4d-aa18-5e4b18984028,,1,,,345
4c8dcd2c-4c56-4a4d-aa18-5e4b18984028,,1,,,63
4c8dcd2c-4c56-4a4d-aa18-5e4b18984028,,1,,,170
4c8dcd2c-4c56-4a4d-aa18-5e4b18984028,,1,,,228
4c8dcd2c-4c56-4a4d-aa18-5e4b18984028,,1,,,20
4c8dcd2c-4c56-4a4d-aa18-5e4b18984028,,1,,,196
4c8dcd2c-4c56-4a4d-aa18-5e4b18984028,,1,,,459
4c8dcd2c-4c56-4a4d-aa18-5e4b18984028,,1,,,42
4c8dcd2c-4c56-4a4d-aa18-5e4b18984028,,1,,,171
4c8dcd2c-4c56-4a4d-aa18-5e4b18984028,,1,,,31
4c8dcd2c-4c56-4a4d-aa18-5e4b18984028,,1,,,64
4c8dcd2c-4c56-4a4d-aa18-5e4b18984028,,1,,,170
4c8dcd2c-4c56-4a4d-aa18-5e4b18984028,,1,,,229
4c8dcd2c-4c56-4a4d-aa18-5e4b18984028,,1,,,21
4c8dcd2c-4c56-4a4d-aa18-5e4b18984028,,1,,,196
4c8dcd2c-4c56-4a4d-aa18-5e4b18984028,,1,,,458
4c8dcd2c-4c56-4a4d-aa18-5e4b18984028,,1,,,43
4c8dcd2c-4c56-4a4d-aa18-5e4b18984028,,1,,,171
4c8dcd2c-4c56-4a4d-aa18-5e4b18984028,,1,,,30
4c8dcd2c-4c56-4a4d-aa18-5e4b18984028,,1,,,65
4c8dcd2c-4c56-4a4d-aa18-5e4b18984028,,1,,,
4c8dcd2c-4c56-4a4d-aa18-5e4b18984028,,1,,,
4c8dcd2c-4c56-4a4d-aa18-5e4b18984028,,1,,,
4c8dcd2c-4c56-4a4d-aa18-5e4b18984028,,1,,,PD no. Nº de SV
4c8dcd2c-4c56-4a4d-aa18-5e4b18984028,,1,,,Seq. no. Nº de séq.
4c8dcd2c-4c56-4a4d-aa18-5e4b18984028,,1,,,
4c8dcd2c-4c56-4a4d-aa18-5e4b18984028,,1,,,PD no. Nº de SV
4c8dcd2c-4c56-4a4d-aa18-5e4b18984028,,1,,,Seq. no. Nº de séq.
4c8dcd2c-4c56-4a4d-aa18-5e4b18984028,,1,,,
4c8dcd2c-4c56-4a4d-aa18-5e4b18984028,,1,,,PD no. Nº de SV
4c8dcd2c-4c56-4a4d-aa18-5e4b18984028,,1,,,Seq. no. Nº de séq.
4c8dcd2c-4c56-4a4d-aa18-5e4b18984028,,1,,,
4c8dcd2c-4c56-4a4d-aa18-5e4b18984028,,1,,,PD no. Nº de SV
4c8dcd2c-4c56-4a4d-aa18-5e4b18984028,,1,,,Seq. no. Nº de séq.
4c8dcd2c-4c56-4a4d-aa18-5e4b18984028,,1,,,ex:
4c8dcd2c-4c56-4a4d-aa18-5e4b18984028,,1,,,105A
4c8dcd2c-4c56-4a4d-aa18-5e4b18984028,,1,,,89
4c8dcd2c-4c56-4a4d-aa18-5e4b18984028,,1,,,22
4c8dcd2c-4c56-4a4d-aa18-5e4b18984028,,1,,,144
4c8dcd2c-4c56-4a4d-aa18-5e4b18984028,,1,,,202
4c8dcd2c-4c56-4a4d-aa18-5e4b18984028,,1,,,44
4c8dcd2c-4c56-4a4d-aa18-5e4b18984028,,1,,,163
4c8dcd2c-4c56-4a4d-aa18-5e4b18984028,,1,,,433
4c8dcd2c-4c56-4a4d-aa18-5e4b18984028,,1,,,66
4c8dcd2c-4c56-4a4d-aa18-5e4b18984028,,1,,,185
4c8dcd2c-4c56-4a4d-aa18-5e4b18984028,,1,,,268
4c8dcd2c-4c56-4a4d-aa18-5e4b18984028,,1,,,1
4c8dcd2c-4c56-4a4d-aa18-5e4b18984028,,1,,,144
4c8dcd2c-4c56-4a4d-aa18-5e4b18984028,,1,,,283.
4c8dcd2c-4c56-4a4d-aa18-5e4b18984028,,1,,,23
4c8dcd2c-4c56-4a4d-aa18-5e4b18984028,,1,,,144
4c8dcd2c-4c56-4a4d-aa18-5e4b18984028,,1,,,200
4c8dcd2c-4c56-4a4d-aa18-5e4b18984028,,1,,,45
4c8dcd2c-4c56-4a4d-aa18-5e4b18984028,,1,,,155
4c8dcd2c-4c56-4a4d-aa18-5e4b18984028,,1,,,4
4c8dcd2c-4c56-4a4d-aa18-5e4b18984028,,1,,,67
4c8dcd2c-4c56-4a4d-aa18-5e4b18984028,,1,,,157
4c8dcd2c-4c56-4a4d-aa18-5e4b18984028,,1,,,548
4c8dcd2c-4c56-4a4d-aa18-5e4b18984028,,1,,,2
4c8dcd2c-4c56-4a4d-aa18-5e4b18984028,,1,,,156
4c8dcd2c-4c56-4a4d-aa18-5e4b18984028,,1,,,333
4c8dcd2c-4c56-4a4d-aa18-5e4b18984028,,1,,,24
4c8dcd2c-4c56-4a4d-aa18-5e4b18984028,,1,,,185
4c8dcd2c-4c56-4a4d-aa18-5e4b18984028,,1,,,101
4c8dcd2c-4c56-4a4d-aa18-5e4b18984028,,1,,,46
4c8dcd2c-4c56-4a4d-aa18-5e4b18984028,,1,,,184
4c8dcd2c-4c56-4a4d-aa18-5e4b18984028,,1,,,"27,4"
4c8dcd2c-4c56-4a4d-aa18-5e4b18984028,,1,,,68
4c8dcd2c-4c56-4a4d-aa18-5e4b18984028,,1,,,157
4c8dcd2c-4c56-4a4d-aa18-5e4b18984028,,1,,,549
4c8dcd2c-4c56-4a4d-aa18-5e4b18984028,,1,,,3
4c8dcd2c-4c56-4a4d-aa18-5e4b18984028,,1,,,156
4c8dcd2c-4c56-4a4d-aa18-5e4b18984028,,1,,,335
4c8dcd2c-4c56-4a4d-aa18-5e4b18984028,,1,,,25
4c8dcd2c-4c56-4a4d-aa18-5e4b18984028,,1,,,141
4c8dcd2c-4c56-4a4d-aa18-5e4b18984028,,1,,,450
4c8dcd2c-4c56-4a4d-aa18-5e4b18984028,,1,,,47
4c8dcd2c-4c56-4a4d-aa18-5e4b18984028,,1,,,145
4c8dcd2c-4c56-4a4d-aa18-5e4b18984028,,1,,,126
4c8dcd2c-4c56-4a4d-aa18-5e4b18984028,,1,,,69
4c8dcd2c-4c56-4a4d-aa18-5e4b18984028,,1,,,157
4c8dcd2c-4c56-4a4d-aa18-5e4b18984028,,1,,,430
4c8dcd2c-4c56-4a4d-aa18-5e4b18984028,,1,,,4
4c8dcd2c-4c56-4a4d-aa18-5e4b18984028,,1,,,155
4c8dcd2c-4c56-4a4d-aa18-5e4b18984028,,1,,,7.
4c8dcd2c-4c56-4a4d-aa18-5e4b18984028,,1,,,26
4c8dcd2c-4c56-4a4d-aa18-5e4b18984028,,1,,,141
4c8dcd2c-4c56-4a4d-aa18-5e4b18984028,,1,,,453
4c8dcd2c-4c56-4a4d-aa18-5e4b18984028,,1,,,48
4c8dcd2c-4c56-4a4d-aa18-5e4b18984028,,1,,,156
4c8dcd2c-4c56-4a4d-aa18-5e4b18984028,,1,,,247
4c8dcd2c-4c56-4a4d-aa18-5e4b18984028,,1,,,70
4c8dcd2c-4c56-4a4d-aa18-5e4b18984028,,1,,,157
4c8dcd2c-4c56-4a4d-aa18-5e4b18984028,,1,,,431
4c8dcd2c-4c56-4a4d-aa18-5e4b18984028,,1,,,5
4c8dcd2c-4c56-4a4d-aa18-5e4b18984028,,1,,,146
4c8dcd2c-4c56-4a4d-aa18-5e4b18984028,,1,,,152
4c8dcd2c-4c56-4a4d-aa18-5e4b18984028,,1,,,27
4c8dcd2c-4c56-4a4d-aa18-5e4b18984028,,1,,,14
4c8dcd2c-4c56-4a4d-aa18-5e4b18984028,,1,,,455
4c8dcd2c-4c56-4a4d-aa18-5e4b18984028,,1,,,49
4c8dcd2c-4c56-4a4d-aa18-5e4b18984028,,1,,,156
4c8dcd2c-4c56-4a4d-aa18-5e4b18984028,,1,,,249
4c8dcd2c-4c56-4a4d-aa18-5e4b18984028,,1,,,71
4c8dcd2c-4c56-4a4d-aa18-5e4b18984028,,1,,,143
4c8dcd2c-4c56-4a4d-aa18-5e4b18984028,,1,,,258.
4c8dcd2c-4c56-4a4d-aa18-5e4b18984028,,1,,,6
4c8dcd2c-4c56-4a4d-aa18-5e4b18984028,,1,,,144
4c8dcd2c-4c56-4a4d-aa18-5e4b18984028,,1,,,354.
4c8dcd2c-4c56-4a4d-aa18-5e4b18984028,,1,,,28
4c8dcd2c-4c56-4a4d-aa18-5e4b18984028,,1,,,141
4c8dcd2c-4c56-4a4d-aa18-5e4b18984028,,1,,,452
4c8dcd2c-4c56-4a4d-aa18-5e4b18984028,,1,,,50
4c8dcd2c-4c56-4a4d-aa18-5e4b18984028,,1,,,144
4c8dcd2c-4c56-4a4d-aa18-5e4b18984028,,1,,,359
4c8dcd2c-4c56-4a4d-aa18-5e4b18984028,,1,,,72
4c8dcd2c-4c56-4a4d-aa18-5e4b18984028,,1,,,185
4c8dcd2c-4c56-4a4d-aa18-5e4b18984028,,1,,,95
4c8dcd2c-4c56-4a4d-aa18-5e4b18984028,,1,,,7
4c8dcd2c-4c56-4a4d-aa18-5e4b18984028,,1,,,166
4c8dcd2c-4c56-4a4d-aa18-5e4b18984028,,1,,,109
4c8dcd2c-4c56-4a4d-aa18-5e4b18984028,,1,,,29
4c8dcd2c-4c56-4a4d-aa18-5e4b18984028,,1,,,185
4c8dcd2c-4c56-4a4d-aa18-5e4b18984028,,1,,,48
4c8dcd2c-4c56-4a4d-aa18-5e4b18984028,,1,,,51
4c8dcd2c-4c56-4a4d-aa18-5e4b18984028,,1,,,144
4c8dcd2c-4c56-4a4d-aa18-5e4b18984028,,1,,,36%
4c8dcd2c-4c56-4a4d-aa18-5e4b18984028,,1,,,73
4c8dcd2c-4c56-4a4d-aa18-5e4b18984028,,1,,,142
4c8dcd2c-4c56-4a4d-aa18-5e4b18984028,,1,,,205
4c8dcd2c-4c56-4a4d-aa18-5e4b18984028,,1,,,8
4c8dcd2c-4c56-4a4d-aa18-5e4b18984028,,1,,,66
4c8dcd2c-4c56-4a4d-aa18-5e4b18984028,,1,,,110
4c8dcd2c-4c56-4a4d-aa18-5e4b18984028,,1,,,30
4c8dcd2c-4c56-4a4d-aa18-5e4b18984028,,1,,,157
4c8dcd2c-4c56-4a4d-aa18-5e4b18984028,,1,,,101
4c8dcd2c-4c56-4a4d-aa18-5e4b18984028,,1,,,52
4c8dcd2c-4c56-4a4d-aa18-5e4b18984028,,1,,,157
4c8dcd2c-4c56-4a4d-aa18-5e4b18984028,,1,,,558
4c8dcd2c-4c56-4a4d-aa18-5e4b18984028,,1,,,74
4c8dcd2c-4c56-4a4d-aa18-5e4b18984028,,1,,,142
4c8dcd2c-4c56-4a4d-aa18-5e4b18984028,,1,,,207
4c8dcd2c-4c56-4a4d-aa18-5e4b18984028,,1,,,9
4c8dcd2c-4c56-4a4d-aa18-5e4b18984028,,1,,,145
4c8dcd2c-4c56-4a4d-aa18-5e4b18984028,,1,,,91
4c8dcd2c-4c56-4a4d-aa18-5e4b18984028,,1,,,31
4c8dcd2c-4c56-4a4d-aa18-5e4b18984028,,1,,,157
4c8dcd2c-4c56-4a4d-aa18-5e4b18984028,,1,,,100
4c8dcd2c-4c56-4a4d-aa18-5e4b18984028,,1,,,53
4c8dcd2c-4c56-4a4d-aa18-5e4b18984028,,1,,,157
4c8dcd2c-4c56-4a4d-aa18-5e4b18984028,,1,,,559
4c8dcd2c-4c56-4a4d-aa18-5e4b18984028,,1,,,75
4c8dcd2c-4c56-4a4d-aa18-5e4b18984028,,1,,,157
4c8dcd2c-4c56-4a4d-aa18-5e4b18984028,,1,,,550
4c8dcd2c-4c56-4a4d-aa18-5e4b18984028,,1,,,10
4c8dcd2c-4c56-4a4d-aa18-5e4b18984028,,1,,,145
4c8dcd2c-4c56-4a4d-aa18-5e4b18984028,,1,,,250
4c8dcd2c-4c56-4a4d-aa18-5e4b18984028,,1,,,32
4c8dcd2c-4c56-4a4d-aa18-5e4b18984028,,1,,,156
4c8dcd2c-4c56-4a4d-aa18-5e4b18984028,,1,,,344
4c8dcd2c-4c56-4a4d-aa18-5e4b18984028,,1,,,54
4c8dcd2c-4c56-4a4d-aa18-5e4b18984028,,1,,,185
4c8dcd2c-4c56-4a4d-aa18-5e4b18984028,,1,,,195
4c8dcd2c-4c56-4a4d-aa18-5e4b18984028,,1,,,76
4c8dcd2c-4c56-4a4d-aa18-5e4b18984028,,1,,,166
4c8dcd2c-4c56-4a4d-aa18-5e4b18984028,,1,,,267
4c8dcd2c-4c56-4a4d-aa18-5e4b18984028,,1,,,11
4c8dcd2c-4c56-4a4d-aa18-5e4b18984028,,1,,,145
4c8dcd2c-4c56-4a4d-aa18-5e4b18984028,,1,,,350
4c8dcd2c-4c56-4a4d-aa18-5e4b18984028,,1,,,33
4c8dcd2c-4c56-4a4d-aa18-5e4b18984028,,1,,,166
4c8dcd2c-4c56-4a4d-aa18-5e4b18984028,,1,,,87
4c8dcd2c-4c56-4a4d-aa18-5e4b18984028,,1,,,55
4c8dcd2c-4c56-4a4d-aa18-5e4b18984028,,1,,,143
4c8dcd2c-4c56-4a4d-aa18-5e4b18984028,,1,,,290
4c8dcd2c-4c56-4a4d-aa18-5e4b18984028,,1,,,77
4c8dcd2c-4c56-4a4d-aa18-5e4b18984028,,1,,,163
4c8dcd2c-4c56-4a4d-aa18-5e4b18984028,,1,,,465
4c8dcd2c-4c56-4a4d-aa18-5e4b18984028,,1,,,12
4c8dcd2c-4c56-4a4d-aa18-5e4b18984028,,1,,,185
4c8dcd2c-4c56-4a4d-aa18-5e4b18984028,,1,,,277.
4c8dcd2c-4c56-4a4d-aa18-5e4b18984028,,1,,,34
4c8dcd2c-4c56-4a4d-aa18-5e4b18984028,,1,,,1660
4c8dcd2c-4c56-4a4d-aa18-5e4b18984028,,1,,,88
4c8dcd2c-4c56-4a4d-aa18-5e4b18984028,,1,,,56
4c8dcd2c-4c56-4a4d-aa18-5e4b18984028,,1,,,141
4c8dcd2c-4c56-4a4d-aa18-5e4b18984028,,1,,,167
4c8dcd2c-4c56-4a4d-aa18-5e4b18984028,,1,,,·78
4c8dcd2c-4c56-4a4d-aa18-5e4b18984028,,1,,,163
4c8dcd2c-4c56-4a4d-aa18-5e4b18984028,,1,,,464
4c8dcd2c-4c56-4a4d-aa18-5e4b18984028,,1,,,13
4c8dcd2c-4c56-4a4d-aa18-5e4b18984028,,1,,,185
4c8dcd2c-4c56-4a4d-aa18-5e4b18984028,,1,,,227
4c8dcd2c-4c56-4a4d-aa18-5e4b18984028,,1,,,35
4c8dcd2c-4c56-4a4d-aa18-5e4b18984028,,1,,,157
4c8dcd2c-4c56-4a4d-aa18-5e4b18984028,,1,,,315
4c8dcd2c-4c56-4a4d-aa18-5e4b18984028,,1,,,57
4c8dcd2c-4c56-4a4d-aa18-5e4b18984028,,1,,,145
4c8dcd2c-4c56-4a4d-aa18-5e4b18984028,,1,,,212
4c8dcd2c-4c56-4a4d-aa18-5e4b18984028,,1,,,79
4c8dcd2c-4c56-4a4d-aa18-5e4b18984028,,1,,,155
4c8dcd2c-4c56-4a4d-aa18-5e4b18984028,,1,,,218
4c8dcd2c-4c56-4a4d-aa18-5e4b18984028,,1,,,14
4c8dcd2c-4c56-4a4d-aa18-5e4b18984028,,1,,,146
4c8dcd2c-4c56-4a4d-aa18-5e4b18984028,,1,,,36
4c8dcd2c-4c56-4a4d-aa18-5e4b18984028,,1,,,36
4c8dcd2c-4c56-4a4d-aa18-5e4b18984028,,1,,,144
4c8dcd2c-4c56-4a4d-aa18-5e4b18984028,,1,,,174
4c8dcd2c-4c56-4a4d-aa18-5e4b18984028,,1,,,58
4c8dcd2c-4c56-4a4d-aa18-5e4b18984028,,1,,,141
4c8dcd2c-4c56-4a4d-aa18-5e4b18984028,,1,,,ILde
4c8dcd2c-4c56-4a4d-aa18-5e4b18984028,,1,,,80
4c8dcd2c-4c56-4a4d-aa18-5e4b18984028,,1,,,155
4c8dcd2c-4c56-4a4d-aa18-5e4b18984028,,1,,,219
4c8dcd2c-4c56-4a4d-aa18-5e4b18984028,,1,,,15
4c8dcd2c-4c56-4a4d-aa18-5e4b18984028,,1,,,1420
4c8dcd2c-4c56-4a4d-aa18-5e4b18984028,,1,,,439
4c8dcd2c-4c56-4a4d-aa18-5e4b18984028,,1,,,37
4c8dcd2c-4c56-4a4d-aa18-5e4b18984028,,1,,,144
4c8dcd2c-4c56-4a4d-aa18-5e4b18984028,,1,,,173
4c8dcd2c-4c56-4a4d-aa18-5e4b18984028,,1,,,59
4c8dcd2c-4c56-4a4d-aa18-5e4b18984028,,1,,,185
4c8dcd2c-4c56-4a4d-aa18-5e4b18984028,,1,,,267
4c8dcd2c-4c56-4a4d-aa18-5e4b18984028,,1,,,81
4c8dcd2c-4c56-4a4d-aa18-5e4b18984028,,1,,,155
4c8dcd2c-4c56-4a4d-aa18-5e4b18984028,,1,,,226
4c8dcd2c-4c56-4a4d-aa18-5e4b18984028,,1,,,16
4c8dcd2c-4c56-4a4d-aa18-5e4b18984028,,1,,,166
4c8dcd2c-4c56-4a4d-aa18-5e4b18984028,,1,,,268
4c8dcd2c-4c56-4a4d-aa18-5e4b18984028,,1,,,38
4c8dcd2c-4c56-4a4d-aa18-5e4b18984028,,1,,,142
4c8dcd2c-4c56-4a4d-aa18-5e4b18984028,,1,,,88
4c8dcd2c-4c56-4a4d-aa18-5e4b18984028,,1,,,60
4c8dcd2c-4c56-4a4d-aa18-5e4b18984028,,1,,,145
4c8dcd2c-4c56-4a4d-aa18-5e4b18984028,,1,,,263
4c8dcd2c-4c56-4a4d-aa18-5e4b18984028,,1,,,82
4c8dcd2c-4c56-4a4d-aa18-5e4b18984028,,1,,,163
4c8dcd2c-4c56-4a4d-aa18-5e4b18984028,,1,,,25
4c8dcd2c-4c56-4a4d-aa18-5e4b18984028,,1,,,17
4c8dcd2c-4c56-4a4d-aa18-5e4b18984028,,1,,,166
4c8dcd2c-4c56-4a4d-aa18-5e4b18984028,,1,,,266
4c8dcd2c-4c56-4a4d-aa18-5e4b18984028,,1,,,39
4c8dcd2c-4c56-4a4d-aa18-5e4b18984028,,1,,,141
4c8dcd2c-4c56-4a4d-aa18-5e4b18984028,,1,,,66
4c8dcd2c-4c56-4a4d-aa18-5e4b18984028,,1,,,61
4c8dcd2c-4c56-4a4d-aa18-5e4b18984028,,1,,,145
4c8dcd2c-4c56-4a4d-aa18-5e4b18984028,,1,,,262
4c8dcd2c-4c56-4a4d-aa18-5e4b18984028,,1,,,83
4c8dcd2c-4c56-4a4d-aa18-5e4b18984028,,1,,,163
4c8dcd2c-4c56-4a4d-aa18-5e4b18984028,,1,,,28
4c8dcd2c-4c56-4a4d-aa18-5e4b18984028,,1,,,18
4c8dcd2c-4c56-4a4d-aa18-5e4b18984028,,1,,,166
4c8dcd2c-4c56-4a4d-aa18-5e4b18984028,,1,,,269
4c8dcd2c-4c56-4a4d-aa18-5e4b18984028,,1,,,40
4c8dcd2c-4c56-4a4d-aa18-5e4b18984028,,1,,,142
4c8dcd2c-4c56-4a4d-aa18-5e4b18984028,,1,,,381
4c8dcd2c-4c56-4a4d-aa18-5e4b18984028,,1,,,62
4c8dcd2c-4c56-4a4d-aa18-5e4b18984028,,1,,,156
4c8dcd2c-4c56-4a4d-aa18-5e4b18984028,,1,,,4Lde
4c8dcd2c-4c56-4a4d-aa18-5e4b18984028,,1,,,84
4c8dcd2c-4c56-4a4d-aa18-5e4b18984028,,1,,,142
4c8dcd2c-4c56-4a4d-aa18-5e4b18984028,,1,,,186
4c8dcd2c-4c56-4a4d-aa18-5e4b18984028,,1,,,19
4c8dcd2c-4c56-4a4d-aa18-5e4b18984028,,1,,,144
4c8dcd2c-4c56-4a4d-aa18-5e4b18984028,,1,,,321
4c8dcd2c-4c56-4a4d-aa18-5e4b18984028,,1,,,41
4c8dcd2c-4c56-4a4d-aa18-5e4b18984028,,1,,,"146,"
4c8dcd2c-4c56-4a4d-aa18-5e4b18984028,,1,,,720
4c8dcd2c-4c56-4a4d-aa18-5e4b18984028,,1,,,63
4c8dcd2c-4c56-4a4d-aa18-5e4b18984028,,1,,,156
4c8dcd2c-4c56-4a4d-aa18-5e4b18984028,,1,,,445
4c8dcd2c-4c56-4a4d-aa18-5e4b18984028,,1,,,85
4c8dcd2c-4c56-4a4d-aa18-5e4b18984028,,1,,,142
4c8dcd2c-4c56-4a4d-aa18-5e4b18984028,,1,,,396
4c8dcd2c-4c56-4a4d-aa18-5e4b18984028,,1,,,20
4c8dcd2c-4c56-4a4d-aa18-5e4b18984028,,1,,,144
4c8dcd2c-4c56-4a4d-aa18-5e4b18984028,,1,,,320
4c8dcd2c-4c56-4a4d-aa18-5e4b18984028,,1,,,42
4c8dcd2c-4c56-4a4d-aa18-5e4b18984028,,1,,,146
4c8dcd2c-4c56-4a4d-aa18-5e4b18984028,,1,,,77
4c8dcd2c-4c56-4a4d-aa18-5e4b18984028,,1,,,64
4c8dcd2c-4c56-4a4d-aa18-5e4b18984028,,1,,,184
4c8dcd2c-4c56-4a4d-aa18-5e4b18984028,,1,,,429
4c8dcd2c-4c56-4a4d-aa18-5e4b18984028,,1,,,86
4c8dcd2c-4c56-4a4d-aa18-5e4b18984028,,1,,,166
4c8dcd2c-4c56-4a4d-aa18-5e4b18984028,,1,,,93
4c8dcd2c-4c56-4a4d-aa18-5e4b18984028,,1,,,21
4c8dcd2c-4c56-4a4d-aa18-5e4b18984028,,1,,,145
4c8dcd2c-4c56-4a4d-aa18-5e4b18984028,,1,,,90
4c8dcd2c-4c56-4a4d-aa18-5e4b18984028,,1,,,43
4c8dcd2c-4c56-4a4d-aa18-5e4b18984028,,1,,,163
4c8dcd2c-4c56-4a4d-aa18-5e4b18984028,,1,,,3/6
4c8dcd2c-4c56-4a4d-aa18-5e4b18984028,,1,,,65
4c8dcd2c-4c56-4a4d-aa18-5e4b18984028,,1,,,185
4c8dcd2c-4c56-4a4d-aa18-5e4b18984028,,1,,,27
4c8dcd2c-4c56-4a4d-aa18-5e4b18984028,,1,,,87
4c8dcd2c-4c56-4a4d-aa18-5e4b18984028,,1,,,157
4c8dcd2c-4c56-4a4d-aa18-5e4b18984028,,1,,,264
4c8dcd2c-4c56-4a4d-aa18-5e4b18984028,,1,,,
4c8dcd2c-4c56-4a4d-aa18-5e4b18984028,,1,,,PD no .. Nº de SV
4c8dcd2c-4c56-4a4d-aa18-5e4b18984028,,1,,,Seq. no. Nº de séq.
4c8dcd2c-4c56-4a4d-aa18-5e4b18984028,,1,,,
4c8dcd2c-4c56-4a4d-aa18-5e4b18984028,,1,,,PD no. Nº de SV
4c8dcd2c-4c56-4a4d-aa18-5e4b18984028,,1,,,Seq. no. Nº de séq.
4c8dcd2c-4c56-4a4d-aa18-5e4b18984028,,1,,,
4c8dcd2c-4c56-4a4d-aa18-5e4b18984028,,1,,,PD no. Nº de SV
4c8dcd2c-4c56-4a4d-aa18-5e4b18984028,,1,,,Seq. no. Nº de séq.
4c8dcd2c-4c56-4a4d-aa18-5e4b18984028,,1,,,
4c8dcd2c-4c56-4a4d-aa18-5e4b18984028,,1,,,PD no. Nº de SV
4c8dcd2c-4c56-4a4d-aa18-5e4b18984028,,1,,,Seq. no. Nº de séq.
4c8dcd2c-4c56-4a4d-aa18-5e4b18984028,,1,,,
4c8dcd2c-4c56-4a4d-aa18-5e4b18984028,,1,,,105-A
4c8dcd2c-4c56-4a4d-aa18-5e4b18984028,,1,,,87
4c8dcd2c-4c56-4a4d-aa18-5e4b18984028,,1,,,22
4c8dcd2c-4c56-4a4d-aa18-5e4b18984028,,1,,,146
4c8dcd2c-4c56-4a4d-aa18-5e4b18984028,,1,,,258
4c8dcd2c-4c56-4a4d-aa18-5e4b18984028,,1,,,44
4c8dcd2c-4c56-4a4d-aa18-5e4b18984028,,1,,,146
4c8dcd2c-4c56-4a4d-aa18-5e4b18984028,,1,,,1/8
4c8dcd2c-4c56-4a4d-aa18-5e4b18984028,,1,,,66
4c8dcd2c-4c56-4a4d-aa18-5e4b18984028,,1,,,145 -
4c8dcd2c-4c56-4a4d-aa18-5e4b18984028,,1,,,392
4c8dcd2c-4c56-4a4d-aa18-5e4b18984028,,1,,,1
4c8dcd2c-4c56-4a4d-aa18-5e4b18984028,,1,,,141
4c8dcd2c-4c56-4a4d-aa18-5e4b18984028,,1,,,416
4c8dcd2c-4c56-4a4d-aa18-5e4b18984028,,1,,,23
4c8dcd2c-4c56-4a4d-aa18-5e4b18984028,,1,,,146
4c8dcd2c-4c56-4a4d-aa18-5e4b18984028,,1,,,5
4c8dcd2c-4c56-4a4d-aa18-5e4b18984028,,1,,,45
4c8dcd2c-4c56-4a4d-aa18-5e4b18984028,,1,,,144
4c8dcd2c-4c56-4a4d-aa18-5e4b18984028,,1,,,16
4c8dcd2c-4c56-4a4d-aa18-5e4b18984028,,1,,,67
4c8dcd2c-4c56-4a4d-aa18-5e4b18984028,,1,,,157
4c8dcd2c-4c56-4a4d-aa18-5e4b18984028,,1,,,316
4c8dcd2c-4c56-4a4d-aa18-5e4b18984028,,1,,,2
4c8dcd2c-4c56-4a4d-aa18-5e4b18984028,,1,,,185
4c8dcd2c-4c56-4a4d-aa18-5e4b18984028,,1,,,400
4c8dcd2c-4c56-4a4d-aa18-5e4b18984028,,1,,,24
4c8dcd2c-4c56-4a4d-aa18-5e4b18984028,,1,,,146
4c8dcd2c-4c56-4a4d-aa18-5e4b18984028,,1,,,4
4c8dcd2c-4c56-4a4d-aa18-5e4b18984028,,1,,,46
4c8dcd2c-4c56-4a4d-aa18-5e4b18984028,,1,,,146
4c8dcd2c-4c56-4a4d-aa18-5e4b18984028,,1,,,22
4c8dcd2c-4c56-4a4d-aa18-5e4b18984028,,1,,,68
4c8dcd2c-4c56-4a4d-aa18-5e4b18984028,,1,,,157
4c8dcd2c-4c56-4a4d-aa18-5e4b18984028,,1,,,3/7/317
4c8dcd2c-4c56-4a4d-aa18-5e4b18984028,,1,,,3
4c8dcd2c-4c56-4a4d-aa18-5e4b18984028,,1,,,"185,"
4c8dcd2c-4c56-4a4d-aa18-5e4b18984028,,1,,,399.
4c8dcd2c-4c56-4a4d-aa18-5e4b18984028,,1,,,25
4c8dcd2c-4c56-4a4d-aa18-5e4b18984028,,1,,,145
4c8dcd2c-4c56-4a4d-aa18-5e4b18984028,,1,,,209.
4c8dcd2c-4c56-4a4d-aa18-5e4b18984028,,1,,,47
4c8dcd2c-4c56-4a4d-aa18-5e4b18984028,,1,,,155.
4c8dcd2c-4c56-4a4d-aa18-5e4b18984028,,1,,,389
4c8dcd2c-4c56-4a4d-aa18-5e4b18984028,,1,,,69
4c8dcd2c-4c56-4a4d-aa18-5e4b18984028,,1,,,163
4c8dcd2c-4c56-4a4d-aa18-5e4b18984028,,1,,,15.9
4c8dcd2c-4c56-4a4d-aa18-5e4b18984028,,1,,,4
4c8dcd2c-4c56-4a4d-aa18-5e4b18984028,,1,,,156
4c8dcd2c-4c56-4a4d-aa18-5e4b18984028,,1,,,410
4c8dcd2c-4c56-4a4d-aa18-5e4b18984028,,1,,,26
4c8dcd2c-4c56-4a4d-aa18-5e4b18984028,,1,,,156
4c8dcd2c-4c56-4a4d-aa18-5e4b18984028,,1,,,308
4c8dcd2c-4c56-4a4d-aa18-5e4b18984028,,1,,,48
4c8dcd2c-4c56-4a4d-aa18-5e4b18984028,,1,,,144
4c8dcd2c-4c56-4a4d-aa18-5e4b18984028,,1,,,15
4c8dcd2c-4c56-4a4d-aa18-5e4b18984028,,1,,,70
4c8dcd2c-4c56-4a4d-aa18-5e4b18984028,,1,,,156
4c8dcd2c-4c56-4a4d-aa18-5e4b18984028,,1,,,36
4c8dcd2c-4c56-4a4d-aa18-5e4b18984028,,1,,,5
4c8dcd2c-4c56-4a4d-aa18-5e4b18984028,,1,,,154
4c8dcd2c-4c56-4a4d-aa18-5e4b18984028,,1,,,409
4c8dcd2c-4c56-4a4d-aa18-5e4b18984028,,1,,,27
4c8dcd2c-4c56-4a4d-aa18-5e4b18984028,,1,,,156
4c8dcd2c-4c56-4a4d-aa18-5e4b18984028,,1,,,307
4c8dcd2c-4c56-4a4d-aa18-5e4b18984028,,1,,,49
4c8dcd2c-4c56-4a4d-aa18-5e4b18984028,,1,,,144
4c8dcd2c-4c56-4a4d-aa18-5e4b18984028,,1,,,48
4c8dcd2c-4c56-4a4d-aa18-5e4b18984028,,1,,,71
4c8dcd2c-4c56-4a4d-aa18-5e4b18984028,,1,,,143
4c8dcd2c-4c56-4a4d-aa18-5e4b18984028,,1,,,383
4c8dcd2c-4c56-4a4d-aa18-5e4b18984028,,1,,,6
4c8dcd2c-4c56-4a4d-aa18-5e4b18984028,,1,,,14.6
4c8dcd2c-4c56-4a4d-aa18-5e4b18984028,,1,,,158
4c8dcd2c-4c56-4a4d-aa18-5e4b18984028,,1,,,28
4c8dcd2c-4c56-4a4d-aa18-5e4b18984028,,1,,,141
4c8dcd2c-4c56-4a4d-aa18-5e4b18984028,,1,,,190
4c8dcd2c-4c56-4a4d-aa18-5e4b18984028,,1,,,50
4c8dcd2c-4c56-4a4d-aa18-5e4b18984028,,1,,,142
4c8dcd2c-4c56-4a4d-aa18-5e4b18984028,,1,,,420
4c8dcd2c-4c56-4a4d-aa18-5e4b18984028,,1,,,72
4c8dcd2c-4c56-4a4d-aa18-5e4b18984028,,1,,,143
4c8dcd2c-4c56-4a4d-aa18-5e4b18984028,,1,,,334
4c8dcd2c-4c56-4a4d-aa18-5e4b18984028,,1,,,7
4c8dcd2c-4c56-4a4d-aa18-5e4b18984028,,1,,,144
4c8dcd2c-4c56-4a4d-aa18-5e4b18984028,,1,,,520
4c8dcd2c-4c56-4a4d-aa18-5e4b18984028,,1,,,29
4c8dcd2c-4c56-4a4d-aa18-5e4b18984028,,1,,,142
4c8dcd2c-4c56-4a4d-aa18-5e4b18984028,,1,,,237
4c8dcd2c-4c56-4a4d-aa18-5e4b18984028,,1,,,51
4c8dcd2c-4c56-4a4d-aa18-5e4b18984028,,1,,,142
4c8dcd2c-4c56-4a4d-aa18-5e4b18984028,,1,,,$21
4c8dcd2c-4c56-4a4d-aa18-5e4b18984028,,1,,,73
4c8dcd2c-4c56-4a4d-aa18-5e4b18984028,,1,,,146
4c8dcd2c-4c56-4a4d-aa18-5e4b18984028,,1,,,84
4c8dcd2c-4c56-4a4d-aa18-5e4b18984028,,1,,,8
4c8dcd2c-4c56-4a4d-aa18-5e4b18984028,,1,,,144
4c8dcd2c-4c56-4a4d-aa18-5e4b18984028,,1,,,319
4c8dcd2c-4c56-4a4d-aa18-5e4b18984028,,1,,,30
4c8dcd2c-4c56-4a4d-aa18-5e4b18984028,,1,,,14)
4c8dcd2c-4c56-4a4d-aa18-5e4b18984028,,1,,,86
4c8dcd2c-4c56-4a4d-aa18-5e4b18984028,,1,,,52
4c8dcd2c-4c56-4a4d-aa18-5e4b18984028,,1,,,142
4c8dcd2c-4c56-4a4d-aa18-5e4b18984028,,1,,,549
4c8dcd2c-4c56-4a4d-aa18-5e4b18984028,,1,,,74
4c8dcd2c-4c56-4a4d-aa18-5e4b18984028,,1,,,146
4c8dcd2c-4c56-4a4d-aa18-5e4b18984028,,1,,,33
4c8dcd2c-4c56-4a4d-aa18-5e4b18984028,,1,,,9
4c8dcd2c-4c56-4a4d-aa18-5e4b18984028,,1,,,184
4c8dcd2c-4c56-4a4d-aa18-5e4b18984028,,1,,,11
4c8dcd2c-4c56-4a4d-aa18-5e4b18984028,,1,,,31
4c8dcd2c-4c56-4a4d-aa18-5e4b18984028,,1,,,
4c8dcd2c-4c56-4a4d-aa18-5e4b18984028,,1,,,87
4c8dcd2c-4c56-4a4d-aa18-5e4b18984028,,1,,,53
4c8dcd2c-4c56-4a4d-aa18-5e4b18984028,,1,,,142
4c8dcd2c-4c56-4a4d-aa18-5e4b18984028,,1,,,548
4c8dcd2c-4c56-4a4d-aa18-5e4b18984028,,1,,,75
4c8dcd2c-4c56-4a4d-aa18-5e4b18984028,,1,,,144
4c8dcd2c-4c56-4a4d-aa18-5e4b18984028,,1,,,317
4c8dcd2c-4c56-4a4d-aa18-5e4b18984028,,1,,,10
4c8dcd2c-4c56-4a4d-aa18-5e4b18984028,,1,,,141
4c8dcd2c-4c56-4a4d-aa18-5e4b18984028,,1,,,165
4c8dcd2c-4c56-4a4d-aa18-5e4b18984028,,1,,,32
4c8dcd2c-4c56-4a4d-aa18-5e4b18984028,,1,,,141
4c8dcd2c-4c56-4a4d-aa18-5e4b18984028,,1,,,85
4c8dcd2c-4c56-4a4d-aa18-5e4b18984028,,1,,,54
4c8dcd2c-4c56-4a4d-aa18-5e4b18984028,,1,,,185
4c8dcd2c-4c56-4a4d-aa18-5e4b18984028,,1,,,46
4c8dcd2c-4c56-4a4d-aa18-5e4b18984028,,1,,,76
4c8dcd2c-4c56-4a4d-aa18-5e4b18984028,,1,,,141
4c8dcd2c-4c56-4a4d-aa18-5e4b18984028,,1,,,392
4c8dcd2c-4c56-4a4d-aa18-5e4b18984028,,1,,,11
4c8dcd2c-4c56-4a4d-aa18-5e4b18984028,,1,,,142
4c8dcd2c-4c56-4a4d-aa18-5e4b18984028,,1,,,203
4c8dcd2c-4c56-4a4d-aa18-5e4b18984028,,1,,,33
4c8dcd2c-4c56-4a4d-aa18-5e4b18984028,,1,,,141
4c8dcd2c-4c56-4a4d-aa18-5e4b18984028,,1,,,413
4c8dcd2c-4c56-4a4d-aa18-5e4b18984028,,1,,,55
4c8dcd2c-4c56-4a4d-aa18-5e4b18984028,,1,,,141
4c8dcd2c-4c56-4a4d-aa18-5e4b18984028,,1,,,212
4c8dcd2c-4c56-4a4d-aa18-5e4b18984028,,1,,,77
4c8dcd2c-4c56-4a4d-aa18-5e4b18984028,,1,,,157
4c8dcd2c-4c56-4a4d-aa18-5e4b18984028,,1,,,585
4c8dcd2c-4c56-4a4d-aa18-5e4b18984028,,1,,,12
4c8dcd2c-4c56-4a4d-aa18-5e4b18984028,,1,,,142
4c8dcd2c-4c56-4a4d-aa18-5e4b18984028,,1,,,204
4c8dcd2c-4c56-4a4d-aa18-5e4b18984028,,1,,,34
4c8dcd2c-4c56-4a4d-aa18-5e4b18984028,,1,,,185
4c8dcd2c-4c56-4a4d-aa18-5e4b18984028,,1,,,105
4c8dcd2c-4c56-4a4d-aa18-5e4b18984028,,1,,,56
4c8dcd2c-4c56-4a4d-aa18-5e4b18984028,,1,,,141
4c8dcd2c-4c56-4a4d-aa18-5e4b18984028,,1,,,213
4c8dcd2c-4c56-4a4d-aa18-5e4b18984028,,1,,,78
4c8dcd2c-4c56-4a4d-aa18-5e4b18984028,,1,,,157
4c8dcd2c-4c56-4a4d-aa18-5e4b18984028,,1,,,586
4c8dcd2c-4c56-4a4d-aa18-5e4b18984028,,1,,,13
4c8dcd2c-4c56-4a4d-aa18-5e4b18984028,,1,,,184
4c8dcd2c-4c56-4a4d-aa18-5e4b18984028,,1,,,353
4c8dcd2c-4c56-4a4d-aa18-5e4b18984028,,1,,,35
4c8dcd2c-4c56-4a4d-aa18-5e4b18984028,,1,,,185
4c8dcd2c-4c56-4a4d-aa18-5e4b18984028,,1,,,158
4c8dcd2c-4c56-4a4d-aa18-5e4b18984028,,1,,,57
4c8dcd2c-4c56-4a4d-aa18-5e4b18984028,,1,,,141
4c8dcd2c-4c56-4a4d-aa18-5e4b18984028,,1,,,2/4
4c8dcd2c-4c56-4a4d-aa18-5e4b18984028,,1,,,79
4c8dcd2c-4c56-4a4d-aa18-5e4b18984028,,1,,,184
4c8dcd2c-4c56-4a4d-aa18-5e4b18984028,,1,,,93
4c8dcd2c-4c56-4a4d-aa18-5e4b18984028,,1,,,14
4c8dcd2c-4c56-4a4d-aa18-5e4b18984028,,1,,,143
4c8dcd2c-4c56-4a4d-aa18-5e4b18984028,,1,,,257
4c8dcd2c-4c56-4a4d-aa18-5e4b18984028,,1,,,36
4c8dcd2c-4c56-4a4d-aa18-5e4b18984028,,1,,,185
4c8dcd2c-4c56-4a4d-aa18-5e4b18984028,,1,,,100
4c8dcd2c-4c56-4a4d-aa18-5e4b18984028,,1,,,58
4c8dcd2c-4c56-4a4d-aa18-5e4b18984028,,1,,,163
4c8dcd2c-4c56-4a4d-aa18-5e4b18984028,,1,,,335
4c8dcd2c-4c56-4a4d-aa18-5e4b18984028,,1,,,80
4c8dcd2c-4c56-4a4d-aa18-5e4b18984028,,1,,,184
4c8dcd2c-4c56-4a4d-aa18-5e4b18984028,,1,,,94
4c8dcd2c-4c56-4a4d-aa18-5e4b18984028,,1,,,15
4c8dcd2c-4c56-4a4d-aa18-5e4b18984028,,1,,,143
4c8dcd2c-4c56-4a4d-aa18-5e4b18984028,,1,,,259
4c8dcd2c-4c56-4a4d-aa18-5e4b18984028,,1,,,37
4c8dcd2c-4c56-4a4d-aa18-5e4b18984028,,1,,,157
4c8dcd2c-4c56-4a4d-aa18-5e4b18984028,,1,,,401
4c8dcd2c-4c56-4a4d-aa18-5e4b18984028,,1,,,59
4c8dcd2c-4c56-4a4d-aa18-5e4b18984028,,1,,,184
4c8dcd2c-4c56-4a4d-aa18-5e4b18984028,,1,,,111
4c8dcd2c-4c56-4a4d-aa18-5e4b18984028,,1,,,81
4c8dcd2c-4c56-4a4d-aa18-5e4b18984028,,1,,,185
4c8dcd2c-4c56-4a4d-aa18-5e4b18984028,,1,,,92
4c8dcd2c-4c56-4a4d-aa18-5e4b18984028,,1,,,16
4c8dcd2c-4c56-4a4d-aa18-5e4b18984028,,1,,,143
4c8dcd2c-4c56-4a4d-aa18-5e4b18984028,,1,,,29
4c8dcd2c-4c56-4a4d-aa18-5e4b18984028,,1,,,38
4c8dcd2c-4c56-4a4d-aa18-5e4b18984028,,1,,,141
4c8dcd2c-4c56-4a4d-aa18-5e4b18984028,,1,,,417
4c8dcd2c-4c56-4a4d-aa18-5e4b18984028,,1,,,60
4c8dcd2c-4c56-4a4d-aa18-5e4b18984028,,1,,,
4c8dcd2c-4c56-4a4d-aa18-5e4b18984028,,1,,,52
4c8dcd2c-4c56-4a4d-aa18-5e4b18984028,,1,,,82
4c8dcd2c-4c56-4a4d-aa18-5e4b18984028,,1,,,145
4c8dcd2c-4c56-4a4d-aa18-5e4b18984028,,1,,,247
4c8dcd2c-4c56-4a4d-aa18-5e4b18984028,,1,,,17
4c8dcd2c-4c56-4a4d-aa18-5e4b18984028,,1,,,155
4c8dcd2c-4c56-4a4d-aa18-5e4b18984028,,1,,,18.
4c8dcd2c-4c56-4a4d-aa18-5e4b18984028,,1,,,39
4c8dcd2c-4c56-4a4d-aa18-5e4b18984028,,1,,,146
4c8dcd2c-4c56-4a4d-aa18-5e4b18984028,,1,,,392
4c8dcd2c-4c56-4a4d-aa18-5e4b18984028,,1,,,61
4c8dcd2c-4c56-4a4d-aa18-5e4b18984028,,1,,,144
4c8dcd2c-4c56-4a4d-aa18-5e4b18984028,,1,,,494
4c8dcd2c-4c56-4a4d-aa18-5e4b18984028,,1,,,83
4c8dcd2c-4c56-4a4d-aa18-5e4b18984028,,1,,,145
4c8dcd2c-4c56-4a4d-aa18-5e4b18984028,,1,,,246
4c8dcd2c-4c56-4a4d-aa18-5e4b18984028,,1,,,18
4c8dcd2c-4c56-4a4d-aa18-5e4b18984028,,1,,,145
4c8dcd2c-4c56-4a4d-aa18-5e4b18984028,,1,,,393
4c8dcd2c-4c56-4a4d-aa18-5e4b18984028,,1,,,40
4c8dcd2c-4c56-4a4d-aa18-5e4b18984028,,1,,,143
4c8dcd2c-4c56-4a4d-aa18-5e4b18984028,,1,,,373
4c8dcd2c-4c56-4a4d-aa18-5e4b18984028,,1,,,62
4c8dcd2c-4c56-4a4d-aa18-5e4b18984028,,1,,,144
4c8dcd2c-4c56-4a4d-aa18-5e4b18984028,,1,,,496
4c8dcd2c-4c56-4a4d-aa18-5e4b18984028,,1,,,84
4c8dcd2c-4c56-4a4d-aa18-5e4b18984028,,1,,,163
4c8dcd2c-4c56-4a4d-aa18-5e4b18984028,,1,,,103
4c8dcd2c-4c56-4a4d-aa18-5e4b18984028,,1,,,19
4c8dcd2c-4c56-4a4d-aa18-5e4b18984028,,1,,,185
4c8dcd2c-4c56-4a4d-aa18-5e4b18984028,,1,,,364
4c8dcd2c-4c56-4a4d-aa18-5e4b18984028,,1,,,41
4c8dcd2c-4c56-4a4d-aa18-5e4b18984028,,1,,,143
4c8dcd2c-4c56-4a4d-aa18-5e4b18984028,,1,,,372
4c8dcd2c-4c56-4a4d-aa18-5e4b18984028,,1,,,63
4c8dcd2c-4c56-4a4d-aa18-5e4b18984028,,1,,,146
4c8dcd2c-4c56-4a4d-aa18-5e4b18984028,,1,,,426
4c8dcd2c-4c56-4a4d-aa18-5e4b18984028,,1,,,85
4c8dcd2c-4c56-4a4d-aa18-5e4b18984028,,1,,,141
4c8dcd2c-4c56-4a4d-aa18-5e4b18984028,,1,,,411.
4c8dcd2c-4c56-4a4d-aa18-5e4b18984028,,1,,,20
4c8dcd2c-4c56-4a4d-aa18-5e4b18984028,,1,,,163
4c8dcd2c-4c56-4a4d-aa18-5e4b18984028,,1,,,184
4c8dcd2c-4c56-4a4d-aa18-5e4b18984028,,1,,,42
4c8dcd2c-4c56-4a4d-aa18-5e4b18984028,,1,,,143
4c8dcd2c-4c56-4a4d-aa18-5e4b18984028,,1,,,371.
4c8dcd2c-4c56-4a4d-aa18-5e4b18984028,,1,,,64
4c8dcd2c-4c56-4a4d-aa18-5e4b18984028,,1,,,146
4c8dcd2c-4c56-4a4d-aa18-5e4b18984028,,1,,,156
4c8dcd2c-4c56-4a4d-aa18-5e4b18984028,,1,,,86
4c8dcd2c-4c56-4a4d-aa18-5e4b18984028,,1,,,157
4c8dcd2c-4c56-4a4d-aa18-5e4b18984028,,1,,,29.
4c8dcd2c-4c56-4a4d-aa18-5e4b18984028,,1,,,21
4c8dcd2c-4c56-4a4d-aa18-5e4b18984028,,1,,,16.3
4c8dcd2c-4c56-4a4d-aa18-5e4b18984028,,1,,,185
4c8dcd2c-4c56-4a4d-aa18-5e4b18984028,,1,,,43
4c8dcd2c-4c56-4a4d-aa18-5e4b18984028,,1,,,156
4c8dcd2c-4c56-4a4d-aa18-5e4b18984028,,1,,,464
4c8dcd2c-4c56-4a4d-aa18-5e4b18984028,,1,,,65
4c8dcd2c-4c56-4a4d-aa18-5e4b18984028,,1,,,146
4c8dcd2c-4c56-4a4d-aa18-5e4b18984028,,1,,,155
4c8dcd2c-4c56-4a4d-aa18-5e4b18984028,,1,,,87
4c8dcd2c-4c56-4a4d-aa18-5e4b18984028,,1,,,166
4c8dcd2c-4c56-4a4d-aa18-5e4b18984028,,1,,,466
